구분,읍면동,리,주택유형,등급판정결과,건축면적(㎡),등급,활용가능
읍면,풍기읍,교촌리,그 외,3등급,,3,N
읍면,풍기읍,교촌리,그 외,1등급,,1,Y
읍면,풍기읍,교촌리,단독,1등급,39.0,1,Y
읍면,풍기읍,금계리,단독,3등급,26.78,3,N
읍면,풍기읍,금계리,그 외,2등급,,2,Y
읍면,풍기읍,금계리,그 외,3등급,,3,N
읍면,풍기읍,금계리,단독,2등급,57.33,2,Y
읍면,풍기읍,금계리,그 외,3등급,,3,N
읍면,풍기읍,금계리,그 외,2등급,,2,Y
읍면,풍기읍,금계리,단독,3등급,93.22,3,N
읍면,풍기읍,금계리,그 외,2등급,,2,Y
읍면,풍기읍,금계리,단독,3등급,,3,N
읍면,풍기읍,동부리,그 외,4등급,,4,N
읍면,풍기읍,동부리,그 외,1등급,,1,Y
읍면,풍기읍,동부리,단독,1등급,29.73,1,Y
읍면,풍기읍,동부리,단독,3등급,26.45,3,N
읍면,풍기읍,동부리,단독,2등급,166.98,2,Y
읍면,풍기읍,동부리,단독,1등급,90.72,1,Y
읍면,풍기읍,동부리,그 외,2등급,53.22,2,Y
읍면,풍기읍,동부리,단독,2등급,38.51,2,Y
읍면,풍기읍,동부리,단독,4등급,26.78,4,N
읍면,풍기읍,동부리,단독,1등급,55.6,1,Y
읍면,풍기읍,동부리,그 외,4등급,,4,N
읍면,풍기읍,동부리,단독,3등급,44.36,3,N
읍면,풍기읍,동부리,그 외,1등급,,1,Y
읍면,풍기읍,동부리,그 외,1등급,,1,Y
읍면,풍기읍,동부리,단독,1등급,16.5,1,Y
읍면,풍기읍,동부리,단독,1등급,58.22,1,Y
읍면,풍기읍,동부리,그 외,2등급,,2,Y
읍면,풍기읍,동부리,단독,1등급,82.89,1,Y
읍면,풍기읍,동부리,그 외,2등급,,2,Y
읍면,풍기읍,동부리,단독,3등급,25.12,3,N
읍면,풍기읍,동부리,단독,2등급,39.67,2,Y
읍면,풍기읍,동부리,단독,3등급,21.49,3,N
읍면,풍기읍,동부리,단독,1등급,79.0,1,Y
읍면,풍기읍,동부리,단독,2등급,30.74,2,Y
읍면,풍기읍,동부리,단독,4등급,27.57,4,N
읍면,풍기읍,동부리,그 외,2등급,,2,Y
읍면,풍기읍,동부리,단독,2등급,86.03,2,Y
읍면,풍기읍,동부리,단독,3등급,23.14,3,N
읍면,풍기읍,동부리,그 외,2등급,,2,Y
읍면,풍기읍,동부리,단독,4등급,46.8,4,N
읍면,풍기읍,동부리,단독,1등급,79.54,1,Y
읍면,풍기읍,동부리,단독,2등급,31.16,2,Y
읍면,풍기읍,동부리,그 외,2등급,66.12,2,Y
읍면,풍기읍,동부리,단독,3등급,35.7,3,N
읍면,풍기읍,동부리,단독,2등급,27.77,2,Y
읍면,풍기읍,동부리,그 외,1등급,,1,Y
읍면,풍기읍,동부리,그 외,2등급,,2,Y
읍면,풍기읍,동부리,단독,2등급,30.08,2,Y
읍면,풍기읍,동부리,그 외,2등급,,2,Y
읍면,풍기읍,미곡리,그 외,2등급,99.0,2,Y
읍면,풍기읍,미곡리,단독,4등급,123.97,4,N
읍면,풍기읍,미곡리,단독,3등급,40.99,3,N
읍면,풍기읍,미곡리,그 외,3등급,,3,N
읍면,풍기읍,미곡리,그 외,2등급,,2,Y
읍면,풍기읍,백리,그 외,2등급,,2,Y
읍면,풍기읍,백리,그 외,3등급,,3,N
읍면,풍기읍,백리,그 외,3등급,,3,N
읍면,풍기읍,백리,단독,1등급,69.7,1,Y
읍면,풍기읍,백리,단독,4등급,66.12,4,N
읍면,풍기읍,백리,단독,1등급,26.45,1,Y
읍면,풍기읍,백신리,그 외,2등급,,2,Y
읍면,풍기읍,산법리,그 외,2등급,,2,Y
읍면,풍기읍,삼가리,단독,3등급,15.87,3,N
읍면,풍기읍,삼가리,단독,4등급,18.2,4,N
읍면,풍기읍,서부리,그 외,3등급,117.69,3,N
읍면,풍기읍,서부리,단독,2등급,68.76,2,Y
읍면,풍기읍,서부리,그 외,2등급,,2,Y
읍면,풍기읍,서부리,그 외,3등급,100.04,3,N
읍면,풍기읍,서부리,그 외,3등급,,3,N
읍면,풍기읍,서부리,단독,3등급,93.17,3,N
읍면,풍기읍,서부리,단독,4등급,109.41,4,N
읍면,풍기읍,서부리,단독,4등급,107.43,4,N
읍면,풍기읍,서부리,단독,4등급,35.37,4,N
읍면,풍기읍,서부리,그 외,3등급,,3,N
읍면,풍기읍,서부리,그 외,4등급,187.77,4,N
읍면,풍기읍,서부리,단독,3등급,141.81,3,N
읍면,풍기읍,서부리,단독,2등급,50.9,2,Y
읍면,풍기읍,서부리,그 외,2등급,,2,Y
읍면,풍기읍,서부리,단독,1등급,40.69,1,Y
읍면,풍기읍,서부리,단독,1등급,81.16,1,Y
읍면,풍기읍,서부리,단독,2등급,56.2,2,Y
읍면,풍기읍,성내리,단독,1등급,196.7,1,Y
읍면,풍기읍,성내리,단독,2등급,90.91,2,Y
읍면,풍기읍,성내리,그 외,2등급,,2,Y
읍면,풍기읍,성내리,단독,3등급,27.41,3,N
읍면,풍기읍,성내리,단독,1등급,68.36,1,Y
읍면,풍기읍,성내리,단독,3등급,42.97,3,N
읍면,풍기읍,수철리,단독,3등급,33.72,3,N
읍면,풍기읍,수철리,그 외,2등급,,2,Y
읍면,풍기읍,욱금리,단독,3등급,,3,N
읍면,풍기읍,전구리,단독,2등급,139.51,2,Y
읍면,풍기읍,전구리,그 외,3등급,,3,N
읍면,풍기읍,전구리,그 외,3등급,,3,N
읍면,풍기읍,전구리,그 외,3등급,,3,N
읍면,풍기읍,전구리,단독,2등급,52.56,2,Y
읍면,풍기읍,창락리,그 외,3등급,,3,N
읍면,풍기읍,창락리,그 외,4등급,,4,N
읍면,풍기읍,창락리,그 외,2등급,,2,Y
읍면,풍기읍,창락리,단독,3등급,43.64,3,N
읍면,풍기읍,창락리,그 외,3등급,,3,N
읍면,풍기읍,창락리,단독,4등급,130.58,4,N
읍면,풍기읍,창락리,단독,3등급,81.03,3,N
읍면,풍기읍,창락리,그 외,2등급,,2,Y
읍면,이산면,내림리,단독,2등급,46.3,2,Y
읍면,이산면,내림리,그 외,3등급,,3,N
읍면,이산면,내림리,그 외,2등급,,2,Y
읍면,이산면,두월리,단독,2등급,39.7,2,Y
읍면,이산면,두월리,단독,3등급,83.3,3,N
읍면,이산면,두월리,그 외,2등급,,2,Y
읍면,이산면,두월리,그 외,2등급,,2,Y
읍면,이산면,두월리,그 외,3등급,,3,N
읍면,이산면,두월리,단독,2등급,14.9,2,Y
읍면,이산면,두월리,그 외,3등급,,3,N
읍면,이산면,두월리,단독,3등급,165.9,3,N
읍면,이산면,두월리,그 외,2등급,,2,Y
읍면,이산면,석포리,단독,3등급,52.9,3,N
읍면,이산면,석포리,그 외,2등급,,2,Y
읍면,이산면,석포리,단독,2등급,69.64,2,Y
읍면,이산면,석포리,그 외,2등급,,2,Y
읍면,이산면,석포리,그 외,2등급,,2,Y
읍면,이산면,석포리,단독,3등급,51.9,3,N
읍면,이산면,신암리,그 외,3등급,,3,N
읍면,이산면,신암리,그 외,1등급,,1,Y
읍면,이산면,신암리,단독,2등급,50.6,2,Y
읍면,이산면,신암리,그 외,2등급,,2,Y
읍면,이산면,신암리,그 외,2등급,,2,Y
읍면,이산면,신암리,그 외,2등급,,2,Y
읍면,이산면,신암리,단독,1등급,33.1,1,Y
읍면,이산면,신암리,그 외,2등급,,2,Y
읍면,이산면,신암리,단독,3등급,,3,N
읍면,이산면,신암리,단독,3등급,14.5,3,N
읍면,이산면,신암리,단독,3등급,,3,N
읍면,이산면,신암리,그 외,2등급,,2,Y
읍면,이산면,신암리,그 외,2등급,,2,Y
읍면,이산면,신천리,단독,4등급,82.0,4,N
읍면,이산면,신천리,단독,3등급,94.2,3,N
읍면,이산면,신천리,단독,2등급,178.3,2,Y
읍면,이산면,신천리,그 외,1등급,,1,Y
읍면,이산면,신천리,그 외,2등급,,2,Y
읍면,이산면,신천리,그 외,3등급,,3,N
읍면,이산면,용상리,단독,3등급,59.2,3,N
읍면,이산면,용상리,단독,2등급,54.2,2,Y
읍면,이산면,용상리,그 외,2등급,,2,Y
읍면,이산면,용상리,그 외,4등급,,4,N
읍면,이산면,용상리,그 외,2등급,,2,Y
읍면,이산면,용상리,그 외,3등급,,3,N
읍면,이산면,용상리,그 외,2등급,,2,Y
읍면,이산면,용상리,그 외,1등급,,1,Y
읍면,이산면,용상리,그 외,3등급,,3,N
읍면,이산면,용상리,단독,2등급,84.3,2,Y
읍면,이산면,용상리,단독,4등급,48.9,4,N
읍면,이산면,용상리,그 외,3등급,,3,N
읍면,이산면,용상리,그 외,2등급,,2,Y
읍면,이산면,용상리,그 외,3등급,,3,N
읍면,이산면,용상리,그 외,3등급,,3,N
읍면,이산면,용상리,그 외,3등급,,3,N
읍면,이산면,용상리,그 외,1등급,73.8,1,Y
읍면,이산면,용상리,그 외,2등급,,2,Y
읍면,이산면,용상리,단독,2등급,69.4,2,Y
읍면,이산면,운문리,그 외,2등급,,2,Y
읍면,이산면,운문리,그 외,1등급,,1,Y
읍면,이산면,운문리,단독,2등급,59.5,2,Y
읍면,이산면,운문리,그 외,2등급,,2,Y
읍면,이산면,운문리,그 외,3등급,118.0,3,N
읍면,이산면,운문리,단독,1등급,127.9,1,Y
읍면,이산면,원리,그 외,3등급,,3,N
읍면,이산면,원리,그 외,4등급,,4,N
읍면,이산면,원리,단독,4등급,,4,N
읍면,이산면,원리,단독,3등급,44.0,3,N
읍면,이산면,원리,그 외,1등급,,1,Y
읍면,이산면,원리,그 외,2등급,,2,Y
읍면,이산면,원리,그 외,2등급,,2,Y
읍면,이산면,지동리,그 외,2등급,,2,Y
읍면,이산면,지동리,단독,2등급,140.54,2,Y
읍면,평은면,강동리,단독,3등급,20.2,3,N
읍면,평은면,강동리,그 외,2등급,,2,Y
읍면,평은면,강동리,단독,3등급,320.5,3,N
읍면,평은면,강동리,단독,3등급,320.5,3,N
읍면,평은면,오운리,그 외,2등급,,2,Y
읍면,평은면,오운리,그 외,2등급,,2,Y
읍면,평은면,오운리,단독,4등급,36.4,4,N
읍면,평은면,오운리,그 외,3등급,,3,N
읍면,평은면,오운리,단독,3등급,82.8,3,N
읍면,평은면,오운리,단독,1등급,93.1,1,Y
읍면,평은면,오운리,단독,2등급,88.0,2,Y
읍면,평은면,오운리,그 외,2등급,,2,Y
읍면,평은면,오운리,단독,3등급,26.0,3,N
읍면,평은면,오운리,단독,4등급,49.1,4,N
읍면,평은면,오운리,단독,2등급,26.1,2,Y
읍면,평은면,오운리,단독,2등급,68.1,2,Y
읍면,평은면,오운리,단독,3등급,97.2,3,N
읍면,평은면,오운리,단독,2등급,57.2,2,Y
읍면,평은면,오운리,그 외,4등급,,4,N
읍면,평은면,용혈리,그 외,4등급,,4,N
읍면,평은면,용혈리,단독,2등급,46.3,2,Y
읍면,평은면,용혈리,단독,2등급,25.1,2,Y
읍면,평은면,용혈리,단독,4등급,44.0,4,N
읍면,평은면,용혈리,단독,3등급,32.0,3,N
읍면,평은면,용혈리,단독,2등급,64.1,2,Y
읍면,평은면,용혈리,단독,4등급,106.5,4,N
읍면,평은면,용혈리,단독,3등급,33.0,3,N
읍면,평은면,용혈리,단독,3등급,46.3,3,N
읍면,평은면,용혈리,단독,1등급,42.3,1,Y
읍면,평은면,용혈리,단독,3등급,99.5,3,N
읍면,평은면,용혈리,단독,4등급,99.5,4,N
읍면,평은면,지곡리,그 외,1등급,,1,Y
읍면,평은면,지곡리,단독,2등급,30.1,2,Y
읍면,평은면,지곡리,단독,3등급,26.1,3,N
읍면,평은면,지곡리,그 외,2등급,,2,Y
읍면,평은면,지곡리,단독,2등급,28.1,2,Y
읍면,평은면,지곡리,단독,1등급,118.1,1,Y
읍면,평은면,지곡리,그 외,3등급,,3,N
읍면,평은면,지곡리,그 외,2등급,,2,Y
읍면,평은면,지곡리,단독,2등급,87.0,2,Y
읍면,평은면,지곡리,단독,4등급,60.0,4,N
읍면,평은면,지곡리,단독,2등급,96.0,2,Y
읍면,평은면,지곡리,단독,2등급,50.0,2,Y
읍면,평은면,지곡리,단독,3등급,179.2,3,N
읍면,평은면,천본리,단독,3등급,36.3,3,N
읍면,평은면,천본리,단독,3등급,60.0,3,N
읍면,평은면,천본리,그 외,2등급,,2,Y
읍면,평은면,천본리,단독,2등급,68.4,2,Y
읍면,평은면,평은리,단독,1등급,45.0,1,Y
읍면,평은면,평은리,단독,1등급,439.47,1,Y
읍면,평은면,평은리,단독,1등급,114.0,1,Y
읍면,평은면,평은리,단독,3등급,53.0,3,N
읍면,평은면,평은리,단독,2등급,74.9,2,Y
읍면,평은면,평은리,단독,2등급,81.0,2,Y
읍면,평은면,평은리,단독,2등급,27.1,2,Y
읍면,평은면,평은리,단독,4등급,102.6,4,N
읍면,평은면,평은리,단독,3등급,48.0,3,N
읍면,평은면,평은리,단독,3등급,30.0,3,N
읍면,평은면,평은리,단독,1등급,29.0,1,Y
읍면,문수면,권선리,단독,3등급,192.34,3,N
읍면,문수면,권선리,단독,2등급,56.7,2,Y
읍면,문수면,권선리,그 외,2등급,,2,Y
읍면,문수면,권선리,그 외,2등급,,2,Y
읍면,문수면,권선리,단독,2등급,49.5,2,Y
읍면,문수면,대양리,그 외,4등급,,4,N
읍면,문수면,대양리,단독,3등급,,3,N
읍면,문수면,대양리,그 외,1등급,,1,Y
읍면,문수면,대양리,그 외,2등급,,2,Y
읍면,문수면,만방리,그 외,3등급,,3,N
읍면,문수면,만방리,단독,3등급,51.52,3,N
읍면,문수면,만방리,단독,2등급,142.1,2,Y
읍면,문수면,만방리,그 외,2등급,,2,Y
읍면,문수면,만방리,그 외,3등급,,3,N
읍면,문수면,만방리,그 외,2등급,,2,Y
읍면,문수면,만방리,단독,2등급,45.24,2,Y
읍면,문수면,만방리,단독,2등급,84.96,2,Y
읍면,문수면,만방리,그 외,2등급,,2,Y
읍면,문수면,만방리,단독,2등급,60.48,2,Y
읍면,문수면,만방리,단독,2등급,72.21,2,Y
읍면,문수면,만방리,단독,1등급,31.5,1,Y
읍면,문수면,수도리,단독,1등급,84.5,1,Y
읍면,문수면,승문리,그 외,2등급,,2,Y
읍면,문수면,승문리,그 외,2등급,,2,Y
읍면,문수면,승문리,그 외,2등급,,2,Y
읍면,문수면,승문리,단독,2등급,51.5,2,Y
읍면,문수면,승문리,그 외,3등급,,3,N
읍면,문수면,승문리,그 외,2등급,,2,Y
읍면,문수면,월호리,단독,2등급,70.24,2,Y
읍면,문수면,월호리,단독,1등급,98.63,1,Y
읍면,문수면,월호리,그 외,1등급,,1,Y
읍면,문수면,월호리,그 외,1등급,,1,Y
읍면,문수면,월호리,그 외,2등급,,2,Y
읍면,문수면,월호리,단독,1등급,23.7,1,Y
읍면,문수면,월호리,그 외,3등급,,3,N
읍면,문수면,월호리,단독,1등급,41.04,1,Y
읍면,문수면,월호리,단독,2등급,,2,Y
읍면,문수면,월호리,그 외,1등급,,1,Y
읍면,문수면,월호리,그 외,1등급,,1,Y
읍면,문수면,적동리,그 외,1등급,,1,Y
읍면,문수면,적동리,그 외,4등급,,4,N
읍면,문수면,적동리,그 외,1등급,,1,Y
읍면,문수면,적동리,그 외,1등급,,1,Y
읍면,문수면,적동리,그 외,2등급,,2,Y
읍면,문수면,적동리,그 외,1등급,,1,Y
읍면,문수면,조제리,그 외,1등급,,1,Y
읍면,문수면,조제리,그 외,2등급,,2,Y
읍면,문수면,조제리,그 외,2등급,,2,Y
읍면,문수면,조제리,단독,1등급,85.0,1,Y
읍면,문수면,조제리,단독,2등급,,2,Y
읍면,문수면,조제리,그 외,3등급,,3,N
읍면,문수면,조제리,단독,3등급,44.5,3,N
읍면,문수면,탄산리,단독,2등급,,2,Y
읍면,문수면,탄산리,단독,1등급,38.5,1,Y
읍면,문수면,탄산리,단독,2등급,50.75,2,Y
읍면,문수면,탄산리,단독,2등급,49.99,2,Y
읍면,문수면,탄산리,단독,3등급,58.8,3,N
읍면,문수면,탄산리,그 외,2등급,,2,Y
읍면,장수면,갈산리,그 외,1등급,,1,Y
읍면,장수면,갈산리,그 외,2등급,,2,Y
읍면,장수면,갈산리,단독,3등급,,3,N
읍면,장수면,갈산리,단독,3등급,52.9,3,N
읍면,장수면,갈산리,단독,2등급,,2,Y
읍면,장수면,갈산리,그 외,4등급,,4,N
읍면,장수면,갈산리,그 외,4등급,,4,N
읍면,장수면,갈산리,그 외,2등급,,2,Y
읍면,장수면,갈산리,그 외,2등급,,2,Y
읍면,장수면,두전리,그 외,2등급,,2,Y
읍면,장수면,두전리,그 외,2등급,,2,Y
읍면,장수면,두전리,단독,2등급,,2,Y
읍면,장수면,두전리,단독,2등급,46.3,2,Y
읍면,장수면,두전리,단독,2등급,79.3,2,Y
읍면,장수면,두전리,그 외,2등급,,2,Y
읍면,장수면,두전리,그 외,1등급,166.0,1,Y
읍면,장수면,두전리,그 외,2등급,,2,Y
읍면,장수면,반구리,단독,2등급,62.9,2,Y
읍면,장수면,반구리,그 외,2등급,,2,Y
읍면,장수면,반구리,단독,4등급,286.42,4,N
읍면,장수면,반구리,그 외,3등급,,3,N
읍면,장수면,반구리,그 외,2등급,,2,Y
읍면,장수면,반구리,그 외,3등급,,3,N
읍면,장수면,반구리,그 외,2등급,,2,Y
읍면,장수면,반구리,그 외,2등급,,2,Y
읍면,장수면,반구리,단독,2등급,158.64,2,Y
읍면,장수면,반구리,단독,2등급,167.94,2,Y
읍면,장수면,반구리,그 외,2등급,,2,Y
읍면,장수면,성곡리,단독,2등급,109.1,2,Y
읍면,장수면,성곡리,그 외,2등급,,2,Y
읍면,장수면,성곡리,단독,3등급,43.0,3,N
읍면,장수면,성곡리,단독,2등급,60.0,2,Y
읍면,장수면,성곡리,그 외,2등급,,2,Y
읍면,장수면,성곡리,그 외,3등급,,3,N
읍면,장수면,소룡리,그 외,2등급,,2,Y
읍면,장수면,소룡리,그 외,4등급,,4,N
읍면,장수면,소룡리,그 외,3등급,,3,N
읍면,장수면,소룡리,그 외,2등급,,2,Y
읍면,장수면,소룡리,그 외,3등급,,3,N
읍면,장수면,소룡리,단독,1등급,59.5,1,Y
읍면,장수면,소룡리,그 외,2등급,,2,Y
읍면,장수면,소룡리,그 외,3등급,46.28,3,N
읍면,장수면,파지리,단독,1등급,383.2,1,Y
읍면,장수면,호문리,단독,4등급,23.1,4,N
읍면,장수면,호문리,그 외,2등급,,2,Y
읍면,장수면,호문리,단독,2등급,82.7,2,Y
읍면,장수면,호문리,단독,2등급,,2,Y
읍면,장수면,호문리,단독,2등급,59.5,2,Y
읍면,장수면,호문리,그 외,4등급,,4,N
읍면,장수면,호문리,단독,3등급,49.59,3,N
읍면,장수면,호문리,단독,4등급,,4,N
읍면,장수면,호문리,단독,3등급,52.9,3,N
읍면,장수면,화기리,그 외,2등급,,2,Y
읍면,장수면,화기리,단독,2등급,69.5,2,Y
읍면,장수면,화기리,단독,2등급,605.5,2,Y
읍면,장수면,화기리,그 외,1등급,,1,Y
읍면,장수면,화기리,단독,3등급,,3,N
읍면,장수면,화기리,그 외,2등급,,2,Y
읍면,장수면,화기리,그 외,2등급,,2,Y
읍면,장수면,화기리,그 외,2등급,,2,Y
읍면,안정면,내줄리,단독,2등급,73.76,2,Y
읍면,안정면,내줄리,단독,2등급,66.27,2,Y
읍면,안정면,내줄리,단독,2등급,44.43,2,Y
읍면,안정면,내줄리,단독,2등급,73.99,2,Y
읍면,안정면,단촌리,그 외,3등급,,3,N
읍면,안정면,단촌리,단독,4등급,94.97,4,N
읍면,안정면,단촌리,단독,2등급,41.82,2,Y
읍면,안정면,단촌리,단독,2등급,41.16,2,Y
읍면,안정면,대평리,단독,2등급,67.82,2,Y
읍면,안정면,동촌리,그 외,1등급,,1,Y
읍면,안정면,동촌리,단독,3등급,56.49,3,N
읍면,안정면,동촌리,그 외,3등급,,3,N
읍면,안정면,묵리,단독,4등급,,4,N
읍면,안정면,묵리,단독,4등급,52.59,4,N
읍면,안정면,묵리,단독,4등급,58.86,4,N
읍면,안정면,묵리,그 외,2등급,,2,Y
읍면,안정면,묵리,그 외,2등급,69.1,2,Y
읍면,안정면,묵리,단독,2등급,52.89,2,Y
읍면,안정면,묵리,그 외,3등급,,3,N
읍면,안정면,묵리,단독,4등급,148.16,4,N
읍면,안정면,묵리,단독,3등급,114.74,3,N
읍면,안정면,묵리,단독,4등급,215.64,4,N
읍면,안정면,봉암리,그 외,2등급,,2,Y
읍면,안정면,생현리,단독,3등급,121.41,3,N
읍면,안정면,신전리,단독,1등급,64.92,1,Y
읍면,안정면,신전리,단독,3등급,,3,N
읍면,안정면,안심리,단독,3등급,81.85,3,N
읍면,안정면,안심리,그 외,2등급,,2,Y
읍면,안정면,안심리,그 외,2등급,,2,Y
읍면,안정면,안심리,그 외,1등급,,1,Y
읍면,안정면,안심리,단독,4등급,504.77,4,N
읍면,안정면,안심리,단독,1등급,140.95,1,Y
읍면,안정면,안심리,그 외,4등급,,4,N
읍면,안정면,안심리,단독,2등급,118.89,2,Y
읍면,안정면,안심리,그 외,4등급,,4,N
읍면,안정면,여륵리,단독,4등급,599.16,4,N
읍면,안정면,여륵리,그 외,2등급,,2,Y
읍면,안정면,여륵리,단독,2등급,105.18,2,Y
읍면,안정면,여륵리,그 외,3등급,,3,N
읍면,안정면,여륵리,단독,2등급,147.99,2,Y
읍면,안정면,여륵리,단독,1등급,344.63,1,Y
읍면,안정면,오계리,그 외,2등급,,2,Y
읍면,안정면,오계리,단독,3등급,132.74,3,N
읍면,안정면,오계리,단독,4등급,111.56,4,N
읍면,안정면,오계리,그 외,3등급,,3,N
읍면,안정면,오계리,그 외,3등급,,3,N
읍면,안정면,오계리,그 외,4등급,,4,N
읍면,안정면,오계리,그 외,3등급,,3,N
읍면,안정면,오계리,그 외,3등급,,3,N
읍면,안정면,옹암리,그 외,2등급,,2,Y
읍면,안정면,용산리,단독,1등급,65.38,1,Y
읍면,안정면,용산리,단독,2등급,,2,Y
읍면,안정면,용산리,단독,2등급,225.32,2,Y
읍면,안정면,용산리,단독,2등급,,2,Y
읍면,안정면,용산리,단독,2등급,46.52,2,Y
읍면,안정면,일원리,그 외,2등급,,2,Y
읍면,안정면,일원리,단독,2등급,62.48,2,Y
읍면,봉현면,대촌리,그 외,2등급,,2,Y
읍면,봉현면,대촌리,그 외,2등급,,2,Y
읍면,봉현면,두산리,그 외,3등급,,3,N
읍면,봉현면,두산리,단독,3등급,132.5,3,N
읍면,봉현면,오현리,단독,2등급,,2,Y
읍면,봉현면,오현리,단독,2등급,74.85,2,Y
읍면,봉현면,오현리,단독,1등급,53.85,1,Y
읍면,봉현면,오현리,그 외,2등급,,2,Y
읍면,봉현면,오현리,그 외,2등급,,2,Y
읍면,봉현면,오현리,단독,1등급,168.04,1,Y
읍면,봉현면,오현리,단독,2등급,48.6,2,Y
읍면,봉현면,오현리,그 외,2등급,,2,Y
읍면,봉현면,오현리,그 외,3등급,,3,N
읍면,봉현면,오현리,그 외,4등급,,4,N
읍면,봉현면,오현리,그 외,1등급,,1,Y
읍면,봉현면,유전리,그 외,2등급,,2,Y
읍면,봉현면,유전리,그 외,2등급,,2,Y
읍면,봉현면,유전리,단독,3등급,59.0,3,N
읍면,봉현면,유전리,그 외,4등급,,4,N
읍면,봉현면,유전리,그 외,1등급,,1,Y
읍면,봉현면,하촌리,그 외,2등급,,2,Y
읍면,봉현면,하촌리,그 외,3등급,,3,N
읍면,봉현면,한천리,그 외,2등급,,2,Y
읍면,순흥면,내죽리,단독,1등급,106.94,1,Y
읍면,순흥면,내죽리,그 외,2등급,,2,Y
읍면,순흥면,내죽리,단독,2등급,86.0,2,Y
읍면,순흥면,내죽리,단독,3등급,33.1,3,N
읍면,순흥면,내죽리,단독,3등급,29.8,3,N
읍면,순흥면,내죽리,단독,1등급,143.16,1,Y
읍면,순흥면,내죽리,그 외,2등급,,2,Y
읍면,순흥면,내죽리,그 외,1등급,,1,Y
읍면,순흥면,배점리,그 외,4등급,,4,N
읍면,순흥면,배점리,그 외,2등급,,2,Y
읍면,순흥면,배점리,그 외,2등급,,2,Y
읍면,순흥면,배점리,그 외,1등급,,1,Y
읍면,순흥면,배점리,단독,1등급,144.76,1,Y
읍면,순흥면,배점리,그 외,2등급,,2,Y
읍면,순흥면,석교리,그 외,2등급,,2,Y
읍면,순흥면,석교리,그 외,3등급,,3,N
읍면,순흥면,석교리,단독,1등급,74.2,1,Y
읍면,순흥면,석교리,그 외,2등급,,2,Y
읍면,순흥면,석교리,그 외,1등급,,1,Y
읍면,순흥면,읍내리,단독,2등급,92.89,2,Y
읍면,순흥면,읍내리,그 외,2등급,,2,Y
읍면,순흥면,읍내리,그 외,3등급,,3,N
읍면,순흥면,읍내리,그 외,4등급,,4,N
읍면,순흥면,읍내리,단독,2등급,39.66,2,Y
읍면,순흥면,지동리,단독,2등급,95.9,2,Y
읍면,순흥면,지동리,단독,1등급,266.13,1,Y
읍면,순흥면,지동리,단독,3등급,47.45,3,N
읍면,순흥면,지동리,단독,2등급,116.16,2,Y
읍면,순흥면,지동리,단독,1등급,115.97,1,Y
읍면,순흥면,지동리,그 외,4등급,,4,N
읍면,순흥면,지동리,단독,1등급,98.52,1,Y
읍면,순흥면,지동리,단독,2등급,166.77,2,Y
읍면,순흥면,지동리,단독,2등급,66.1,2,Y
읍면,순흥면,청구리,그 외,2등급,,2,Y
읍면,순흥면,청구리,그 외,3등급,,3,N
읍면,순흥면,청구리,그 외,2등급,,2,Y
읍면,순흥면,청구리,단독,1등급,76.0,1,Y
읍면,순흥면,청구리,그 외,4등급,,4,N
읍면,순흥면,태장리,그 외,2등급,,2,Y
읍면,순흥면,태장리,그 외,1등급,,1,Y
읍면,순흥면,태장리,그 외,1등급,,1,Y
읍면,순흥면,태장리,단독,3등급,23.1,3,N
읍면,단산면,구구리,단독,3등급,262.0,3,N
읍면,단산면,구구리,단독,4등급,76.3,4,N
읍면,단산면,구구리,그 외,2등급,,2,Y
읍면,단산면,구구리,단독,4등급,213.1,4,N
읍면,단산면,구구리,단독,1등급,98.56,1,Y
읍면,단산면,구구리,단독,4등급,43.9,4,N
읍면,단산면,구구리,단독,3등급,24.7,3,N
읍면,단산면,단곡리,단독,3등급,49.09,3,N
읍면,단산면,단곡리,단독,1등급,106.83,1,Y
읍면,단산면,단곡리,단독,2등급,52.05,2,Y
읍면,단산면,단곡리,단독,2등급,31.5,2,Y
읍면,단산면,단곡리,단독,2등급,33.8,2,Y
읍면,단산면,단곡리,그 외,1등급,,1,Y
읍면,단산면,동원리,그 외,3등급,,3,N
읍면,단산면,동원리,단독,2등급,39.1,2,Y
읍면,단산면,동원리,그 외,1등급,,1,Y
읍면,단산면,동원리,단독,1등급,73.65,1,Y
읍면,단산면,동원리,그 외,2등급,,2,Y
읍면,단산면,동원리,단독,2등급,105.3,2,Y
읍면,단산면,동원리,단독,2등급,39.6,2,Y
읍면,단산면,동원리,그 외,3등급,,3,N
읍면,단산면,동원리,단독,3등급,89.5,3,N
읍면,단산면,동원리,단독,3등급,50.6,3,N
읍면,단산면,동원리,그 외,2등급,,2,Y
읍면,단산면,동원리,그 외,2등급,,2,Y
읍면,단산면,동원리,그 외,2등급,,2,Y
읍면,단산면,마락리,단독,1등급,57.8,1,Y
읍면,단산면,마락리,단독,4등급,21.8,4,N
읍면,단산면,병산리,단독,2등급,137.3,2,Y
읍면,단산면,병산리,단독,2등급,46.2,2,Y
읍면,단산면,병산리,단독,2등급,481.23,2,Y
읍면,단산면,병산리,단독,1등급,40.3,1,Y
읍면,단산면,병산리,단독,3등급,53.8,3,N
읍면,단산면,사천리,단독,1등급,99.2,1,Y
읍면,단산면,사천리,단독,4등급,21.2,4,N
읍면,단산면,사천리,단독,2등급,69.7,2,Y
읍면,단산면,사천리,단독,1등급,137.2,1,Y
읍면,단산면,사천리,그 외,3등급,,3,N
읍면,단산면,사천리,그 외,4등급,,4,N
읍면,단산면,사천리,단독,1등급,70.4,1,Y
읍면,단산면,옥대리,단독,1등급,153.7,1,Y
읍면,단산면,옥대리,단독,3등급,136.68,3,N
읍면,단산면,옥대리,단독,2등급,133.37,2,Y
읍면,단산면,옥대리,단독,2등급,90.6,2,Y
읍면,단산면,옥대리,그 외,3등급,,3,N
읍면,단산면,옥대리,그 외,3등급,,3,N
읍면,단산면,옥대리,단독,2등급,44.3,2,Y
읍면,단산면,옥대리,단독,1등급,22.75,1,Y
읍면,단산면,옥대리,그 외,2등급,,2,Y
읍면,단산면,옥대리,단독,2등급,73.1,2,Y
읍면,단산면,옥대리,단독,2등급,36.1,2,Y
읍면,단산면,옥대리,그 외,2등급,,2,Y
읍면,단산면,옥대리,그 외,1등급,,1,Y
읍면,단산면,옥대리,그 외,1등급,,1,Y
읍면,단산면,옥대리,단독,2등급,72.1,2,Y
읍면,단산면,옥대리,단독,2등급,76.0,2,Y
읍면,단산면,좌석리,단독,4등급,185.3,4,N
읍면,단산면,좌석리,단독,2등급,96.6,2,Y
읍면,부석면,감곡리,그 외,2등급,,2,Y
읍면,부석면,감곡리,그 외,2등급,129.57,2,Y
읍면,부석면,감곡리,단독,2등급,60.16,2,Y
읍면,부석면,감곡리,단독,2등급,33.05,2,Y
읍면,부석면,감곡리,그 외,1등급,302.8,1,Y
읍면,부석면,감곡리,단독,1등급,88.56,1,Y
읍면,부석면,감곡리,그 외,2등급,,2,Y
읍면,부석면,남대리,그 외,2등급,,2,Y
읍면,부석면,남대리,그 외,2등급,,2,Y
읍면,부석면,남대리,그 외,3등급,,3,N
읍면,부석면,남대리,그 외,1등급,,1,Y
읍면,부석면,노곡리,그 외,2등급,,2,Y
읍면,부석면,노곡리,단독,1등급,59.97,1,Y
읍면,부석면,노곡리,단독,2등급,142.4,2,Y
읍면,부석면,노곡리,그 외,3등급,,3,N
읍면,부석면,보계리,단독,2등급,106.02,2,Y
읍면,부석면,보계리,단독,2등급,180.49,2,Y
읍면,부석면,보계리,단독,3등급,180.49,3,N
읍면,부석면,보계리,그 외,3등급,,3,N
읍면,부석면,보계리,단독,2등급,29.75,2,Y
읍면,부석면,보계리,단독,4등급,241.75,4,N
읍면,부석면,보계리,단독,2등급,46.28,2,Y
읍면,부석면,북지리,그 외,3등급,,3,N
읍면,부석면,북지리,그 외,2등급,170.24,2,Y
읍면,부석면,북지리,단독,2등급,55.53,2,Y
읍면,부석면,북지리,그 외,1등급,,1,Y
읍면,부석면,북지리,단독,1등급,40.0,1,Y
읍면,부석면,북지리,단독,3등급,,3,N
읍면,부석면,북지리,단독,1등급,412.61,1,Y
읍면,부석면,북지리,단독,3등급,58.18,3,N
읍면,부석면,북지리,단독,2등급,115.03,2,Y
읍면,부석면,상석리,단독,2등급,50.4,2,Y
읍면,부석면,상석리,단독,1등급,86.94,1,Y
읍면,부석면,소천리,단독,1등급,80.82,1,Y
읍면,부석면,소천리,단독,2등급,85.6,2,Y
읍면,부석면,소천리,그 외,2등급,,2,Y
읍면,부석면,소천리,단독,1등급,19.2,1,Y
읍면,부석면,소천리,단독,2등급,35.04,2,Y
읍면,부석면,소천리,그 외,2등급,,2,Y
읍면,부석면,소천리,단독,3등급,20.49,3,N
읍면,부석면,소천리,단독,2등급,64.79,2,Y
읍면,부석면,소천리,단독,3등급,16.85,3,N
읍면,부석면,소천리,단독,2등급,44.95,2,Y
읍면,부석면,소천리,단독,1등급,99.73,1,Y
읍면,부석면,소천리,그 외,3등급,,3,N
읍면,부석면,소천리,그 외,2등급,,2,Y
읍면,부석면,소천리,단독,2등급,176.68,2,Y
읍면,부석면,용암리,그 외,4등급,,4,N
읍면,부석면,용암리,그 외,2등급,,2,Y
읍면,부석면,용암리,그 외,1등급,,1,Y
읍면,부석면,용암리,그 외,2등급,89.85,2,Y
읍면,부석면,용암리,그 외,1등급,,1,Y
읍면,부석면,우곡리,단독,1등급,78.96,1,Y
읍면,부석면,우곡리,단독,4등급,63.47,4,N
읍면,부석면,임곡리,그 외,3등급,,3,N
읍면,부석면,임곡리,그 외,2등급,,2,Y
읍면,부석면,임곡리,단독,2등급,44.62,2,Y
읍면,부석면,임곡리,그 외,2등급,,2,Y
읍면,부석면,임곡리,단독,4등급,23.47,4,N
읍면,부석면,임곡리,그 외,2등급,,2,Y
읍면,부석면,임곡리,단독,3등급,185.11,3,N
읍면,부석면,임곡리,단독,4등급,91.55,4,N
동,상망동,,그 외,2등급,,2,Y
동,상망동,,단독,2등급,,2,Y
동,상망동,,단독,2등급,,2,Y
동,상망동,,단독,1등급,251.19,1,Y
동,상망동,,그 외,2등급,,2,Y
동,상망동,,그 외,1등급,,1,Y
동,상망동,,그 외,4등급,,4,N
동,상망동,,그 외,4등급,,4,N
동,상망동,,그 외,3등급,,3,N
동,상망동,,단독,3등급,,3,N
동,상망동,,그 외,2등급,,2,Y
동,상망동,,그 외,2등급,,2,Y
동,상망동,,그 외,3등급,,3,N
동,상망동,,단독,3등급,265.09,3,N
동,상망동,,그 외,3등급,,3,N
동,상망동,,그 외,2등급,,2,Y
동,상망동,,그 외,2등급,,2,Y
동,상망동,,그 외,3등급,,3,N
동,상망동,,단독,2등급,36.36,2,Y
동,상망동,,단독,1등급,67.23,1,Y
동,상망동,,단독,1등급,67.23,1,Y
동,상망동,,단독,4등급,,4,N
동,상망동,,단독,4등급,287.55,4,N
동,상망동,,그 외,3등급,,3,N
동,상망동,,그 외,4등급,,4,N
동,상망동,,그 외,2등급,,2,Y
동,상망동,,단독,3등급,,3,N
동,상망동,,단독,2등급,45.9,2,Y
동,상망동,,그 외,2등급,,2,Y
동,상망동,,그 외,2등급,146.74,2,Y
동,상망동,,그 외,2등급,,2,Y
동,상망동,,그 외,2등급,,2,Y
동,상망동,,그 외,1등급,,1,Y
동,상망동,,그 외,4등급,26.44,4,N
동,상망동,,단독,4등급,,4,N
동,상망동,,단독,2등급,,2,Y
동,상망동,,단독,2등급,,2,Y
동,상망동,,단독,2등급,,2,Y
동,상망동,,그 외,2등급,53.92,2,Y
동,상망동,,그 외,3등급,53.92,3,N
동,상망동,,그 외,2등급,53.92,2,Y
동,상망동,,단독,2등급,318.29,2,Y
동,상망동,,그 외,1등급,76.94,1,Y
동,상망동,,단독,1등급,318.29,1,Y
동,상망동,,단독,3등급,61.58,3,N
동,상망동,,그 외,2등급,,2,Y
동,상망동,,단독,2등급,45.45,2,Y
동,상망동,,단독,1등급,82.56,1,Y
동,상망동,,그 외,2등급,,2,Y
동,상망동,,그 외,2등급,,2,Y
동,상망동,,그 외,1등급,,1,Y
동,상망동,,그 외,3등급,,3,N
동,상망동,,그 외,4등급,,4,N
동,상망동,,그 외,2등급,,2,Y
동,상망동,,단독,2등급,91.11,2,Y
동,상망동,,그 외,2등급,,2,Y
동,상망동,,그 외,2등급,,2,Y
동,상망동,,그 외,1등급,101.44,1,Y
동,상망동,,그 외,2등급,,2,Y
동,상망동,,단독,3등급,169.66,3,N
동,상망동,,그 외,2등급,,2,Y
동,상망동,,그 외,1등급,,1,Y
동,상망동,,단독,2등급,66.0,2,Y
동,상망동,,단독,2등급,76.03,2,Y
동,상망동,,단독,2등급,36.0,2,Y
동,상망동,,그 외,4등급,,4,N
동,상망동,,그 외,3등급,,3,N
동,하망동,,그 외,2등급,,2,Y
동,하망동,,그 외,1등급,,1,Y
동,하망동,,단독,2등급,47.83,2,Y
동,하망동,,단독,2등급,287.83,2,Y
동,하망동,,그 외,3등급,,3,N
동,하망동,,단독,4등급,37.89,4,N
동,하망동,,단독,2등급,29.0,2,Y
동,하망동,,단독,2등급,54.0,2,Y
동,하망동,,그 외,4등급,42.31,4,N
동,하망동,,단독,2등급,,2,Y
동,하망동,,단독,2등급,49.0,2,Y
동,하망동,,단독,2등급,44.16,2,Y
동,하망동,,단독,1등급,57.39,1,Y
동,하망동,,그 외,3등급,,3,N
동,하망동,,그 외,3등급,,3,N
동,하망동,,그 외,2등급,,2,Y
동,하망동,,단독,3등급,,3,N
동,하망동,,그 외,3등급,,3,N
동,하망동,,그 외,4등급,29.45,4,N
동,하망동,,단독,4등급,51.0,4,N
동,하망동,,단독,1등급,33.0,1,Y
동,하망동,,단독,1등급,50.43,1,Y
동,하망동,,단독,1등급,35.46,1,Y
동,하망동,,단독,2등급,32.39,2,Y
동,하망동,,그 외,3등급,,3,N
동,하망동,,그 외,2등급,,2,Y
동,하망동,,그 외,2등급,,2,Y
동,하망동,,단독,1등급,48.16,1,Y
동,하망동,,단독,2등급,55.33,2,Y
동,하망동,,그 외,2등급,,2,Y
동,하망동,,그 외,3등급,,3,N
동,하망동,,그 외,3등급,,3,N
동,하망동,,그 외,2등급,,2,Y
동,하망동,,단독,2등급,25.8,2,Y
동,하망동,,그 외,2등급,,2,Y
동,하망동,,단독,2등급,23.49,2,Y
동,하망동,,그 외,3등급,,3,N
동,하망동,,단독,1등급,53.08,1,Y
동,하망동,,그 외,1등급,,1,Y
동,하망동,,단독,1등급,109.71,1,Y
동,하망동,,그 외,2등급,,2,Y
동,하망동,,그 외,2등급,,2,Y
동,하망동,,단독,1등급,62.15,1,Y
동,하망동,,단독,1등급,69.33,1,Y
동,하망동,,단독,1등급,79.87,1,Y
동,하망동,,단독,2등급,51.96,2,Y
동,하망동,,단독,2등급,113.34,2,Y
동,하망동,,단독,2등급,36.0,2,Y
동,하망동,,그 외,4등급,,4,N
동,하망동,,단독,2등급,,2,Y
동,하망동,,그 외,2등급,,2,Y
동,하망동,,그 외,2등급,,2,Y
동,하망동,,그 외,2등급,,2,Y
동,하망동,,그 외,2등급,,2,Y
동,하망동,,그 외,3등급,,3,N
동,하망동,,단독,3등급,,3,N
동,하망동,,그 외,2등급,,2,Y
동,하망동,,단독,4등급,,4,N
동,하망동,,그 외,2등급,,2,Y
동,하망동,,단독,3등급,,3,N
동,하망동,,그 외,2등급,,2,Y
동,하망동,,단독,1등급,36.36,1,Y
동,하망동,,그 외,2등급,,2,Y
동,하망동,,단독,3등급,,3,N
동,하망동,,단독,4등급,41.01,4,N
동,하망동,,단독,2등급,43.85,2,Y
동,하망동,,단독,1등급,40.29,1,Y
동,하망동,,단독,2등급,48.45,2,Y
동,하망동,,단독,2등급,41.96,2,Y
동,하망동,,그 외,4등급,,4,N
동,하망동,,단독,4등급,52.39,4,N
동,하망동,,단독,4등급,33.67,4,N
동,하망동,,단독,2등급,45.88,2,Y
동,하망동,,그 외,2등급,,2,Y
동,하망동,,그 외,1등급,,1,Y
동,하망동,,단독,3등급,,3,N
동,하망동,,그 외,2등급,,2,Y
동,하망동,,그 외,2등급,,2,Y
동,하망동,,단독,1등급,48.6,1,Y
동,하망동,,단독,1등급,99.53,1,Y
동,하망동,,단독,1등급,51.25,1,Y
동,하망동,,단독,1등급,39.18,1,Y
동,하망동,,단독,2등급,40.04,2,Y
동,하망동,,단독,1등급,79.98,1,Y
동,하망동,,단독,1등급,39.81,1,Y
동,영주동,,그 외,2등급,,2,Y
동,영주동,,그 외,3등급,,3,N
동,영주동,,그 외,4등급,,4,N
동,영주동,,그 외,4등급,,4,N
동,영주동,,단독,3등급,38.04,3,N
동,영주동,,그 외,3등급,,3,N
동,영주동,,그 외,4등급,,4,N
동,영주동,,단독,3등급,19.24,3,N
동,영주동,,그 외,4등급,,4,N
동,영주동,,그 외,2등급,,2,Y
동,영주동,,그 외,2등급,,2,Y
동,영주동,,그 외,2등급,,2,Y
동,영주동,,그 외,2등급,,2,Y
동,영주동,,단독,1등급,44.86,1,Y
동,영주동,,그 외,2등급,,2,Y
동,영주동,,단독,2등급,40.0,2,Y
동,영주동,,단독,2등급,32.39,2,Y
동,영주동,,그 외,3등급,,3,N
동,영주동,,그 외,4등급,,4,N
동,영주동,,그 외,2등급,,2,Y
동,영주동,,그 외,4등급,,4,N
동,영주동,,그 외,4등급,,4,N
동,영주동,,그 외,2등급,,2,Y
동,영주동,,그 외,4등급,,4,N
동,영주동,,그 외,1등급,,1,Y
동,영주동,,그 외,2등급,,2,Y
동,영주동,,그 외,2등급,,2,Y
동,영주동,,그 외,2등급,,2,Y
동,영주동,,그 외,2등급,,2,Y
동,영주동,,단독,3등급,31.67,3,N
동,영주동,,단독,4등급,33.87,4,N
동,영주동,,그 외,4등급,,4,N
동,영주동,,그 외,2등급,,2,Y
동,영주동,,그 외,2등급,,2,Y
동,영주동,,단독,2등급,65.3,2,Y
동,영주동,,단독,3등급,59.59,3,N
동,영주동,,그 외,2등급,,2,Y
동,영주동,,단독,1등급,87.4,1,Y
동,영주동,,단독,2등급,37.45,2,Y
동,영주동,,단독,3등급,45.89,3,N
동,영주동,,단독,1등급,23.38,1,Y
동,영주동,,그 외,4등급,,4,N
동,영주동,,단독,3등급,48.4,3,N
동,영주동,,단독,1등급,80.18,1,Y
동,영주동,,그 외,1등급,,1,Y
동,영주동,,그 외,3등급,,3,N
동,휴천동,,단독,2등급,57.7,2,Y
동,휴천동,,단독,4등급,43.0,4,N
동,휴천동,,그 외,3등급,,3,N
동,휴천동,,단독,2등급,68.44,2,Y
동,휴천동,,단독,3등급,51.7,3,N
동,휴천동,,그 외,2등급,105.8,2,Y
동,휴천동,,그 외,1등급,,1,Y
동,휴천동,,단독,1등급,65.07,1,Y
동,휴천동,,그 외,2등급,,2,Y
동,휴천동,,단독,2등급,44.62,2,Y
동,휴천동,,그 외,4등급,,4,N
동,휴천동,,그 외,2등급,,2,Y
동,휴천동,,단독,2등급,28.76,2,Y
동,휴천동,,단독,2등급,45.1,2,Y
동,휴천동,,그 외,3등급,,3,N
동,휴천동,,단독,3등급,42.0,3,N
동,휴천동,,단독,4등급,42.0,4,N
동,휴천동,,단독,1등급,68.45,1,Y
동,휴천동,,단독,1등급,52.2,1,Y
동,휴천동,,단독,1등급,71.5,1,Y
동,휴천동,,단독,2등급,75.97,2,Y
동,휴천동,,그 외,4등급,,4,N
동,휴천동,,단독,2등급,96.12,2,Y
동,휴천동,,단독,2등급,59.13,2,Y
동,휴천동,,그 외,2등급,,2,Y
동,휴천동,,단독,1등급,52.1,1,Y
동,휴천동,,단독,1등급,43.97,1,Y
동,휴천동,,그 외,1등급,,1,Y
동,휴천동,,그 외,4등급,,4,N
동,휴천동,,단독,1등급,39.45,1,Y
동,휴천동,,단독,3등급,41.92,3,N
동,휴천동,,그 외,2등급,,2,Y
동,휴천동,,단독,1등급,23.14,1,Y
동,휴천동,,그 외,2등급,,2,Y
동,휴천동,,단독,1등급,41.23,1,Y
동,휴천동,,그 외,2등급,,2,Y
동,휴천동,,그 외,3등급,,3,N
동,휴천동,,단독,2등급,52.89,2,Y
동,휴천동,,단독,2등급,67.9,2,Y
동,휴천동,,단독,3등급,79.43,3,N
동,휴천동,,단독,2등급,49.23,2,Y
동,휴천동,,단독,2등급,24.44,2,Y
동,휴천동,,그 외,2등급,,2,Y
동,휴천동,,그 외,2등급,,2,Y
동,휴천동,,단독,2등급,46.84,2,Y
동,휴천동,,단독,1등급,41.71,1,Y
동,휴천동,,단독,2등급,33.63,2,Y
동,휴천동,,단독,1등급,51.99,1,Y
동,휴천동,,그 외,2등급,,2,Y
동,휴천동,,그 외,1등급,,1,Y
동,휴천동,,단독,1등급,62.35,1,Y
동,휴천동,,그 외,2등급,,2,Y
동,휴천동,,단독,2등급,41.44,2,Y
동,휴천동,,단독,1등급,45.33,1,Y
동,휴천동,,단독,1등급,79.81,1,Y
동,휴천동,,그 외,1등급,,1,Y
동,휴천동,,단독,1등급,86.5,1,Y
동,휴천동,,단독,1등급,60.99,1,Y
동,휴천동,,그 외,1등급,63.63,1,Y
동,휴천동,,단독,1등급,92.97,1,Y
동,휴천동,,단독,2등급,34.41,2,Y
동,휴천동,,그 외,1등급,,1,Y
동,휴천동,,단독,1등급,64.36,1,Y
동,휴천동,,단독,1등급,50.23,1,Y
동,휴천동,,그 외,1등급,,1,Y
동,휴천동,,단독,2등급,42.3,2,Y
동,휴천동,,그 외,4등급,,4,N
동,휴천동,,그 외,4등급,,4,N
동,휴천동,,그 외,4등급,,4,N
동,휴천동,,단독,2등급,44.88,2,Y
동,휴천동,,단독,3등급,70.4,3,N
동,가흥동,,그 외,4등급,,4,N
동,가흥동,,단독,1등급,41.58,1,Y
동,가흥동,,그 외,2등급,,2,Y
동,가흥동,,그 외,2등급,,2,Y
동,가흥동,,그 외,3등급,,3,N
동,가흥동,,그 외,3등급,,3,N
동,가흥동,,그 외,3등급,,3,N
동,가흥동,,단독,1등급,66.08,1,Y
동,가흥동,,그 외,2등급,,2,Y
동,가흥동,,단독,1등급,45.6,1,Y
동,가흥동,,단독,1등급,,1,Y
동,가흥동,,그 외,4등급,,4,N
동,가흥동,,단독,2등급,,2,Y
동,가흥동,,그 외,3등급,,3,N
동,가흥동,,단독,2등급,50.85,2,Y
동,가흥동,,단독,1등급,,1,Y
동,가흥동,,단독,1등급,78.48,1,Y
동,가흥동,,그 외,2등급,,2,Y
동,가흥동,,단독,2등급,46.56,2,Y
동,가흥동,,단독,1등급,52.2,1,Y
동,가흥동,,그 외,1등급,,1,Y
동,가흥동,,그 외,4등급,,4,N
동,가흥동,,단독,1등급,74.07,1,Y
동,가흥동,,단독,2등급,42.7,2,Y
동,가흥동,,단독,1등급,37.94,1,Y
동,가흥동,,단독,3등급,61.04,3,N
동,가흥동,,단독,2등급,44.95,2,Y
동,가흥동,,단독,2등급,,2,Y
동,가흥동,,그 외,2등급,,2,Y
동,가흥동,,그 외,1등급,,1,Y
동,가흥동,,그 외,3등급,,3,N
동,가흥동,,그 외,2등급,,2,Y
동,가흥동,,그 외,2등급,,2,Y
동,가흥동,,그 외,4등급,,4,N
동,가흥동,,그 외,3등급,,3,N
동,가흥동,,그 외,3등급,,3,N
동,가흥동,,그 외,4등급,,4,N
동,가흥동,,단독,1등급,42.9,1,Y
동,가흥동,,그 외,1등급,,1,Y
동,가흥동,,그 외,4등급,,4,N
동,가흥동,,그 외,2등급,,2,Y
동,가흥동,,그 외,3등급,,3,N
동,가흥동,,단독,2등급,88.18,2,Y
동,가흥동,,단독,2등급,43.95,2,Y
동,가흥동,,단독,2등급,52.8,2,Y
동,가흥동,,단독,3등급,124.74,3,N
동,가흥동,,그 외,3등급,,3,N
동,가흥동,,단독,1등급,69.64,1,Y
동,가흥동,,단독,1등급,53.52,1,Y
동,가흥동,,단독,1등급,66.42,1,Y
동,가흥동,,단독,2등급,41.88,2,Y
동,가흥동,,단독,2등급,54.6,2,Y
동,가흥동,,단독,1등급,135.43,1,Y
동,가흥동,,단독,2등급,133.23,2,Y
동,가흥동,,그 외,4등급,,4,N
동,가흥동,,그 외,1등급,,1,Y
동,가흥동,,그 외,2등급,,2,Y
동,가흥동,,그 외,3등급,,3,N
동,가흥동,,그 외,2등급,,2,Y
동,가흥동,,단독,2등급,35.97,2,Y
동,가흥동,,단독,3등급,116.09,3,N
동,가흥동,,그 외,2등급,,2,Y
동,가흥동,,그 외,1등급,,1,Y
동,가흥동,,단독,2등급,45.0,2,Y
동,가흥동,,그 외,2등급,,2,Y
동,가흥동,,그 외,4등급,,4,N
동,가흥동,,단독,2등급,52.0,2,Y
동,가흥동,,단독,1등급,59.05,1,Y
동,가흥동,,단독,1등급,82.89,1,Y
동,가흥동,,그 외,2등급,103.8,2,Y
동,가흥동,,단독,1등급,62.52,1,Y
동,가흥동,,그 외,2등급,,2,Y
동,가흥동,,그 외,2등급,,2,Y
동,가흥동,,그 외,1등급,,1,Y
동,가흥동,,그 외,4등급,,4,N
동,가흥동,,그 외,2등급,,2,Y
동,가흥동,,단독,3등급,129.29,3,N
동,가흥동,,그 외,1등급,,1,Y
동,가흥동,,그 외,2등급,,2,Y
동,가흥동,,단독,3등급,47.3,3,N
동,가흥동,,단독,2등급,52.0,2,Y
동,가흥동,,그 외,2등급,,2,Y
동,가흥동,,단독,2등급,36.0,2,Y
동,가흥동,,그 외,2등급,,2,Y
동,가흥동,,단독,4등급,29.0,4,N
동,가흥동,,그 외,2등급,,2,Y
