주소,상세주소,대분류코드,중분류코드,소분류코드,등록일시,대표이미지,썸네일이미지,경도,위도,수정일시,전화번호,관광지명,우편번호,관광유형1,관광유형2,관광유형3,관광유형명,읍면동,이미지여부
경상북도 영주시 풍기읍 성내리,240-1,,,,2008-03-07,https://tong.visitkorea.or.kr/cms/resource/55/3563955_image2_1.jpg,https://tong.visitkorea.or.kr/cms/resource/55/3563955_image3_1.jpg,128.521518,36.868718,2026-04-10,054-635-0020,경북영주 풍기인삼축제,36030.0,EV,EV01,EV010100,축제공연행사,풍기읍,Y
경상북도 영주시 영주동 337-20,,C01,C0114,C01140001,2021-12-08,http://tong.visitkorea.or.kr/cms/resource/22/2654222_image2_1.jpg,http://tong.visitkorea.or.kr/cms/resource/22/2654222_image3_1.jpg,128.622907975,36.826031081,2023-07-17,,과거로 돌아가 잠시 삶의 쉼표를 찍어보는 영주 여행,,C01,C0114,C01140001,여행코스,영주동,Y
경상북도 영주시 두서길19번길 10,(영주동),A02,A0203,A02030400,2021-05-15,http://tong.visitkorea.or.kr/cms/resource/50/2820450_image2_1.jpg,http://tong.visitkorea.or.kr/cms/resource/50/2820450_image2_1.jpg,128.6187304939,36.8286362591,2024-06-18,010-6646-3958,관사골작업실 협동조합,36072.0,EX,EX07,EX070200,관광지,순흥면,Y
경상북도 영주시 단산면 단산로121번길 27-8,,A02,A0201,A02010700,2007-02-23,http://tong.visitkorea.or.kr/cms/resource/16/3401016_image2_1.jpg,http://tong.visitkorea.or.kr/cms/resource/16/3401016_image3_1.jpg,128.5954168164,36.892539608,2025-03-17,,구고서원,36011.0,HS,HS01,HS010900,관광지,단산면,Y
경상북도 영주시 중앙로63번길 41-32 (영주동),,A02,A0202,A02020700,2004-02-17,http://tong.visitkorea.or.kr/cms/resource/83/3531183_image2_1.jpg,http://tong.visitkorea.or.kr/cms/resource/83/3531183_image3_1.jpg,128.6208471443,36.8227230876,2025-09-09,,구성공원,36098.0,VE,VE03,VE030100,관광지,영주동,Y
경상북도 영주시 봉현면 테라피로 209,,,,,2016-12-08,https://tong.visitkorea.or.kr/cms/resource/48/3105948_image2_1.jpg,https://tong.visitkorea.or.kr/cms/resource/48/3105948_image3_1.jpg,128.472575420065,36.8577716071484,2026-05-12,,국립산림치유원,36043.0,,NA04,NA040600,관광지,봉현면,Y
경상북도 영주시 선비로 269-1,,A05,A0502,A05020400,2012-12-08,,,128.6149780723,36.8278946065,2025-03-19,054-632-5758,김영남손짜장,36079.0,FD,FD02,FD020100,음식점,순흥면,N
경상북도 영주시 문수면 무섬로234번길 31-8,,B02,B0201,B02011600,2019-05-01,,,128.6200998032,36.7337804756,2024-11-26,0507-1323-1880,김진호가옥,36173.0,AC,AC03,AC030200,숙박,문수면,N
경상북도 영주시 중앙로 89 (영주동),,A05,A0502,A05020100,2019-06-11,http://tong.visitkorea.or.kr/cms/resource/62/2606362_image2_1.jpg,http://tong.visitkorea.or.kr/cms/resource/62/2606362_image3_1.jpg,128.62486621,36.8234147509,2025-11-04,054-633-5482,나드리,36075.0,FD,FD01,FD010100,음식점,영주동,Y
경상북도 영주시 봉현면 노좌로29번길 28,,A02,A0201,A02010700,2014-10-21,http://tong.visitkorea.or.kr/cms/resource/87/3403487_image2_1.jpg,http://tong.visitkorea.or.kr/cms/resource/87/3403487_image3_1.jpg,128.4984977297,36.795779425,2025-10-29,,노계서원,36047.0,HS,HS01,HS010900,관광지,봉현면,Y
경상북도 영주시 두서길87번길 38,,A05,A0502,A05020900,2022-05-23,http://tong.visitkorea.or.kr/cms/resource/58/2821058_image2_1.jpg,http://tong.visitkorea.or.kr/cms/resource/58/2821058_image3_1.jpg,128.6175916345,36.831099844,2025-08-22,,녹스고지,36072.0,FD,FD05,FD050100,음식점,순흥면,Y
경상북도 영주시 영주로231번길 8,,,,,2012-12-08,,,128.625295093728,36.8259533444825,2026-02-25,,대복식당,36074.0,FD,FD01,FD010100,음식점,영주동,N
경상북도 영주시 부석면 감산길46번길 13-5,,A02,A0201,A02010700,2014-10-21,http://tong.visitkorea.or.kr/cms/resource/38/3401038_image2_1.jpg,http://tong.visitkorea.or.kr/cms/resource/38/3401038_image3_1.jpg,128.6547379129,36.939749207,2025-03-18,,덕산서원(영주),36006.0,HS,HS01,HS010900,관광지,부석면,Y
경상북도 영주시 번영로173번길 13,,,,,2012-12-08,,,128.623895214548,36.826389376417,2026-02-25,,동남풍한우식당,36074.0,FD,FD01,FD010100,음식점,가흥동,N
경상북도 영주시 영주로 77 (가흥동),,,,,2026-02-27,https://tong.visitkorea.or.kr/cms/resource/80/4045980_image2_1.png,https://tong.visitkorea.or.kr/cms/resource/80/4045980_image3_1.png,128.608467917937,36.8230298220005,2026-03-27,,롯데하이마트 영주점,36057.0,SH,SH04,SH040300,쇼핑,영주동,Y
경상북도 영주시 단산면 영단로,,A01,A0101,A01010400,2002-12-23,http://tong.visitkorea.or.kr/cms/resource/33/3060533_image2_1.jpg,http://tong.visitkorea.or.kr/cms/resource/33/3060533_image3_1.jpg,128.6081721803,37.0492440924,2025-07-21,"054-638-6196, 6796",마구령·고치령,36007.0,,NA01,NA010100,관광지,단산면,Y
경상북도 영주시 무섬로234번길 11-10,,B02,B0201,B02011600,2022-12-30,http://tong.visitkorea.or.kr/cms/resource/55/3016955_image2_1.jpg,http://tong.visitkorea.or.kr/cms/resource/55/3016955_image3_1.jpg,128.6214914114,36.7315335366,2025-08-12,054-638-1127,만죽재 고택,36173.0,AC,AC03,AC030200,숙박,문수면,Y
경상북도 영주시 봉현면 소백로 1806-28,,,,,2023-11-27,https://tong.visitkorea.or.kr/cms/resource/38/3049638_image2_1.JPG,https://tong.visitkorea.or.kr/cms/resource/38/3049638_image3_1.JPG,128.53235166706833,36.85769029259657,2026-04-07,,말타는사람들,36044.0,LS,LS01,LS010700,레포츠,봉현면,Y
경상북도 영주시 이산면 웃무리로 86,먹골집,,,,2024-09-26,https://tong.visitkorea.or.kr/cms/resource/36/3374936_image2_1.jpg,https://tong.visitkorea.or.kr/cms/resource/36/3374936_image3_1.jpg,128.64378237634384,36.82591836010058,2026-04-02,,먹골집,36170.0,FD,FD01,FD010100,음식점,이산면,Y
경상북도 영주시 중앙로 47 (영주동),,,,,2012-12-08,,,128.621409002506,36.8209064932445,2026-02-25,,메밀명가,36098.0,FD,FD01,FD010100,음식점,영주동,N
경상북도 영주시 용주로 492,,,,,2022-08-04,https://tong.visitkorea.or.kr/cms/resource/96/4004296_image2_1.jpg,https://tong.visitkorea.or.kr/cms/resource/96/4004296_image3_1.jpg,128.532135828689,36.7824901281256,2026-04-09,,메이블룸,36143.0,FD,FD05,FD050100,음식점,봉현면,Y
경상북도 영주시 중앙로106번길 8,,,,,2012-12-07,,,128.626161721544,36.8244674286016,2026-02-25,,명동감자탕,36082.0,FD,FD01,FD010100,음식점,영주동,N
경상북도 영주시 풍기읍 삼가로 423,,A03,A0302,A03021700,2021-09-24,http://tong.visitkorea.or.kr/cms/resource/90/2747590_image2_1.jpg,http://tong.visitkorea.or.kr/cms/resource/90/2747590_image2_1.jpg,128.5076682616,36.9210874573,2025-01-02,,묘솔캠핑장,36018.0,AC,AC05,AC050100,레포츠,풍기읍,Y
경상북도 영주시 문수면 무섬로234번길 31-12,,,,,2006-07-28,https://tong.visitkorea.or.kr/cms/resource/02/3513802_image2_1.jpg,https://tong.visitkorea.or.kr/cms/resource/02/3513802_image3_1.jpg,128.6233,36.73,2026-03-18,,무섬 외나무다리,36173.0,VE,VE01,VE010300,관광지,문수면,Y
경상북도 영주시 문수면 무섬로234번길 31-12,,,,,2009-12-11,https://tong.visitkorea.or.kr/cms/resource/08/3513808_image2_1.jpg,https://tong.visitkorea.or.kr/cms/resource/08/3513808_image3_1.jpg,128.6216,36.7319,2026-03-13,,무섬마을,36173.0,HS,HS01,HS010600,관광지,문수면,Y
경상북도 영주시 풍기읍 죽령로1513번길 64,,A02,A0203,A02030100,2015-09-16,http://tong.visitkorea.or.kr/cms/resource/78/3553278_image2_1.JPG,http://tong.visitkorea.or.kr/cms/resource/78/3553278_image3_1.JPG,128.4646284039,36.8956840054,2025-10-23,,무쇠달마을,36020.0,VE,VE04,VE040200,관광지,풍기읍,Y
,,C01,C0114,C01140001,2014-09-24,http://tong.visitkorea.or.kr/cms/resource/39/1718639_image2_1.jpg,http://tong.visitkorea.or.kr/cms/resource/39/1718639_image3_1.jpg,128.6222024708,36.7311280411,2023-08-08,,물돌이 무섬마을과 외나무다리를 밟아보다,,C01,C0114,C01140001,여행코스,,Y
경상북도 영주시 봉현면 소백로 1727,,,,,2015-06-17,https://tong.visitkorea.or.kr/cms/resource/18/2010418_image2_1.JPG,https://tong.visitkorea.or.kr/cms/resource/18/2010418_image3_1.JPG,128.526814741866,36.8555729033087,2026-02-24,,미소머금고,36045.0,FD,FD01,FD010100,음식점,봉현면,Y
경상북도 영주시 문수면 무섬로234번길 11-17,,B02,B0201,B02011600,2019-05-01,http://tong.visitkorea.or.kr/cms/resource/12/2600212_image2_1.jpg,http://tong.visitkorea.or.kr/cms/resource/12/2600212_image2_1.jpg,128.6197803621,36.7346498149,2024-11-26,054-633-1011,박정우가옥,36173.0,AC,AC03,AC030200,숙박,문수면,Y
경상북도 영주시 이산면 영봉로329번길 143-5,,,,,2014-10-22,,,128.683804219834,36.8049880775079,2026-02-26,,방산서원(영주),36170.0,HS,HS01,HS010900,관광지,이산면,N
,,C01,C0116,C01160001,2013-12-14,http://tong.visitkorea.or.kr/cms/resource/23/2654223_image2_1.jpg,http://tong.visitkorea.or.kr/cms/resource/23/2654223_image3_1.jpg,128.5657716439,36.9129117127,2023-08-08,,백두대간 마구령과 고치령에서 즐기는 캠핑여행,,C01,C0116,C01160001,여행코스,,Y
경상북도 영주시 단산면 단산로115번길 37,,,,,2007-02-23,https://tong.visitkorea.or.kr/cms/resource/84/207884_image2_1.jpg,https://tong.visitkorea.or.kr/cms/resource/84/207884_image3_1.jpg,128.594971039635,36.8919226069424,2026-02-13,,백산서원(영주),36011.0,HS,HS01,HS010900,관광지,단산면,Y
경상북도 영주시 부석면 부석사로 345,,A02,A0201,A02010800,2004-02-17,http://tong.visitkorea.or.kr/cms/resource/43/3572443_image2_1.JPG,http://tong.visitkorea.or.kr/cms/resource/43/3572443_image3_1.JPG,128.6845725151,36.9948017922,2025-12-02,,부석사 [유네스코 세계유산],36001.0,HS,HS03,HS030100,관광지,부석면,Y
경상북도 영주시 부석면 부석사로 319,,A05,A0502,A05020100,2003-04-11,,,128.6819005152,36.9953544558,2025-07-24,054-633-3606,부석사종점식당,36001.0,FD,FD01,FD010100,음식점,부석면,N
경상북도 영주시 풍기읍 삼가로 661-29,(풍기읍),A02,A0201,A02010800,2004-02-17,http://tong.visitkorea.or.kr/cms/resource/10/3532610_image2_1.jpg,http://tong.visitkorea.or.kr/cms/resource/10/3532610_image3_1.jpg,128.4988518593,36.9390019028,2025-09-09,,비로사(영주),36018.0,HS,HS03,HS030100,관광지,풍기읍,Y
경상북도 영주시 풍기읍 삼가로 447-11,,,,,2021-07-26,https://tong.visitkorea.or.kr/cms/resource/70/2727570_image2_1.jpg,https://tong.visitkorea.or.kr/cms/resource/70/2727570_image3_1.jpg,128.504689895443,36.9220811424247,2026-03-17,,비로오토파크,36018.0,AC,AC05,AC050100,레포츠,풍기읍,Y
경상북도 영주시 풍기읍 삼가로 140,,,,,2012-12-08,,,128.524291433415,36.900556329941,2026-02-24,,산수방식당,36018.0,FD,FD01,FD010100,음식점,풍기읍,N
경상북도 영주시 풍기읍 삼가로 476,,A03,A0302,A03021700,2021-08-18,http://tong.visitkorea.or.kr/cms/resource/62/2735962_image2_1.jpg,http://tong.visitkorea.or.kr/cms/resource/62/2735962_image2_1.jpg,128.502832516,36.9233676602,2025-04-16,,삼가야영장,36018.0,AC,AC05,AC050100,레포츠,풍기읍,Y
경상북도 영주시 안풍로 307-12,,A05,A0502,A05020100,2022-08-23,http://tong.visitkorea.or.kr/cms/resource/20/2841420_image2_1.jpg,http://tong.visitkorea.or.kr/cms/resource/20/2841420_image3_1.jpg,128.5409278581,36.871249354,2025-09-18,,삼뜨락한정식,36041.0,FD,FD01,FD010100,음식점,안정면,Y
경상북도 영주시 가흥동,,A02,A0201,A02010400,2023-08-17,http://tong.visitkorea.or.kr/cms/resource/60/2998360_image2_1.JPG,http://tong.visitkorea.or.kr/cms/resource/60/2998360_image3_1.JPG,128.6162170634,36.8206121307,2025-07-29,,삼판서고택,36139.0,HS,HS01,HS010400,관광지,가흥동,Y
경상북도 영주시 부석면 감산길46번길 16,,A01,A0101,A01010500,2003-11-20,http://tong.visitkorea.or.kr/cms/resource/30/3572430_image2_1.jpg,http://tong.visitkorea.or.kr/cms/resource/30/3572430_image3_1.jpg,128.6540074126,36.9400935984,2025-12-02,,상석리 왜가리(백로) 서식지,36006.0,,NA04,NA040500,관광지,부석면,Y
경상북도 영주시 부석면 영부로117번길 76-7,,,,,2024-11-08,https://tong.visitkorea.or.kr/cms/resource/61/3410661_image2_1.jpg,https://tong.visitkorea.or.kr/cms/resource/61/3410661_image3_1.jpg,128.65383457344709,36.99993155837347,2026-03-31,,샘사이트,36002.0,AC,AC03,AC030300,숙박,부석면,Y
경상북도 영주시 풍기읍 인삼로16번길 43,,,,,2012-12-26,,,128.521425880731,36.8721069220867,2026-02-24,,서문가든,36024.0,FD,FD01,FD010100,음식점,풍기읍,N
경상북도 영주시 풍기읍 인삼로3번길 26,,A05,A0502,A05020100,2003-12-26,,,128.5257513874,36.872857217,2025-03-18,054-636-2457,서부냉면,36025.0,FD,FD01,FD010100,음식점,풍기읍,N
경상북도 영주시 영주동,470-1,A02,A0202,A02020700,2023-08-31,http://tong.visitkorea.or.kr/cms/resource/42/3089942_image2_1.JPG,http://tong.visitkorea.or.kr/cms/resource/42/3089942_image3_1.JPG,128.6139921,36.8261586756,2025-08-07,,서천둔치(영주),36077.0,VE,VE03,VE030100,관광지,영주동,Y
,,C01,C0114,C01140001,2014-09-24,http://tong.visitkorea.or.kr/cms/resource/96/1718696_image2_1.jpg,http://tong.visitkorea.or.kr/cms/resource/96/1718696_image2_1.jpg,128.6875221329,36.9988291645,2023-08-10,,선비의 걸음으로 영주의 옛고개를 넘다,,C01,C0114,C01140001,여행코스,,Y
경상북도 영주시 순흥면 소백로 2796,,,,,2007-02-23,https://tong.visitkorea.or.kr/cms/resource/04/3500904_image2_1.JPG,https://tong.visitkorea.or.kr/cms/resource/04/3500904_image3_1.JPG,128.5812110801169,36.928266018315234,2026-03-09,,선비촌,36013.0,HS,HS01,HS010600,관광지,순흥면,Y
경상북도 영주시 순흥면 소백로 2796,,B02,B0201,B02011600,2019-05-02,,,128.5811891709,36.9313626658,2024-11-26,054-638-6444,선비촌,36013.0,AC,AC03,AC030200,숙박,순흥면,N
경상북도 영주시 순흥면 소백로 2796,,,,,2012-12-05,,,128.583432171116,36.9284707646725,2026-02-24,,선비촌종가집,36013.0,FD,FD01,FD010100,음식점,순흥면,N
,,C01,C0113,C01130001,2016-01-29,http://tong.visitkorea.or.kr/cms/resource/93/1614893_image2_1.jpg,http://tong.visitkorea.or.kr/cms/resource/93/1614893_image3_1.jpg,128.6876110241,36.9984792058,2023-08-10,,선조들의 유유자적한 삶을 엿보러 영주로!,,C01,C0113,C01130001,여행코스,,Y
경상북도 영주시 문수면 무섬로234번길 11-7,,B02,B0201,B02011600,2019-05-01,,,128.6188776654,36.7346248007,2024-11-26,054-633-1011,섬계고택,36173.0,AC,AC03,AC030200,숙박,문수면,N
경상북도 영주시 순흥면 죽계로 459-99,(순흥면),A02,A0201,A02010800,2007-12-07,http://tong.visitkorea.or.kr/cms/resource/76/3531176_image2_1.jpg,http://tong.visitkorea.or.kr/cms/resource/76/3531176_image3_1.jpg,128.5434780832,36.9507375084,2025-09-09,,성혈사(영주),36012.0,HS,HS03,HS030100,관광지,순흥면,Y
경상북도 영주시 부석면 영부로117번길 76-7,,A02,A0203,A02030400,2021-07-09,http://tong.visitkorea.or.kr/cms/resource/64/2820464_image2_1.jpg,http://tong.visitkorea.or.kr/cms/resource/64/2820464_image2_1.jpg,128.6538612168,36.9999811702,2024-06-17,010-3789-5735,소백명품서클,36002.0,EX,EX07,EX070200,관광지,부석면,Y
경상북도 영주시 순흥면 죽계로315번길 330,,,,,2019-01-30,https://tong.visitkorea.or.kr/cms/resource/37/4010237_image2_1.jpg,https://tong.visitkorea.or.kr/cms/resource/37/4010237_image3_1.jpg,128.526801022497,36.9438956033477,2026-03-12,,소백산 국망봉  돼지바위,36012.0,,NA03,NA030300,관광지,순흥면,Y
,,C01,C0115,C01150001,2014-09-24,http://tong.visitkorea.or.kr/cms/resource/25/637725_image2_1.jpg,http://tong.visitkorea.or.kr/cms/resource/25/637725_image3_1.jpg,128.5550331253,36.9330286474,2023-08-08,,소백산 산행과 풍기 인삼장,,C01,C0115,C01150001,여행코스,,Y
경상북도 영주시 단산면 영단로 253,,,,,2024-08-12,https://tong.visitkorea.or.kr/cms/resource/40/3346640_image2_1.jpg,https://tong.visitkorea.or.kr/cms/resource/40/3346640_image3_1.jpg,128.60839916500953,36.972052275793246,2026-04-29,,소백산 생태탐방원,36007.0,EX,EX05,EX050700,관광지,단산면,Y
경상북도 영주시 순흥면 소백로 2796,,,,,2017-12-22,https://tong.visitkorea.or.kr/cms/resource/88/3517888_image2_1.jpg,https://tong.visitkorea.or.kr/cms/resource/88/3517888_image3_1.jpg,128.5812110801169,36.928266018315234,2026-03-12,,소백산 자락길,36013.0,LS,LS01,LS011900,레포츠,순흥면,Y
경상북도 영주시 봉현면 소백로 1794,,,,,2004-02-17,https://tong.visitkorea.or.kr/cms/resource/26/3502126_image2_1.jpg,https://tong.visitkorea.or.kr/cms/resource/26/3502126_image3_1.jpg,128.52955223390995,36.85866631969222,2026-03-09,,소백산국립공원(경북),36044.0,,NA04,NA040100,관광지,봉현면,Y
경상북도 영주시 풍기읍 삼가로 407-7,,A03,A0302,A03021700,2021-10-26,http://tong.visitkorea.or.kr/cms/resource/80/2762780_image2_1.JPG,http://tong.visitkorea.or.kr/cms/resource/80/2762780_image3_1.JPG,128.5088570807,36.9198292906,2025-11-18,,소백산꽃가람야영장,36018.0,AC,AC05,AC050100,레포츠,풍기읍,Y
경상북도 영주시 안정면 대평로229번길 33-22,,A02,A0203,A02030400,2021-05-15,http://tong.visitkorea.or.kr/cms/resource/74/2820474_image2_1.jpg,http://tong.visitkorea.or.kr/cms/resource/74/2820474_image2_1.jpg,128.5638949023,36.8832206364,2025-07-18,,소백산꽃차이야기,36048.0,EX,EX07,EX070200,관광지,안정면,Y
경상북도 영주시 단산면 단산로 817,,,,,2008-04-18,https://tong.visitkorea.or.kr/cms/resource/26/2534126_image2_1.jpg,https://tong.visitkorea.or.kr/cms/resource/26/2534126_image3_1.jpg,128.616253463637,36.9475802028941,2026-02-25,,소백산단산 포도마을,36008.0,EX,EX03,EX030100,관광지,단산면,Y
경상북도 영주시 풍기읍 죽령로 1400,,,,,2012-08-28,,,128.479057234514,36.8882958337791,2026-02-25,054-604-1700,소백산풍기온천리조트,36020.0,AC,AC04,AC040100,숙박,풍기읍,N
경상북도 영주시 순흥면 소백로 2780,,A02,A0206,A02060100,2007-02-16,http://tong.visitkorea.or.kr/cms/resource/70/3512770_image2_1.JPG,http://tong.visitkorea.or.kr/cms/resource/70/3512770_image3_1.JPG,128.5820781426,36.9258299838,2025-07-24,,소수박물관,36013.0,VE,VE07,VE070100,문화시설,순흥면,Y
경상북도 영주시 문수면 무섬로234번길 7-3,,B02,B0201,B02011600,2019-05-01,,,128.6187665577,36.7348414401,2024-11-26,054-633-1011,수춘제(김태길) 고택,36173.0,AC,AC03,AC030200,숙박,문수면,N
경상북도 영주시 순흥면 순흥로39번길 21,,A05,A0502,A05020100,2003-11-17,,,128.5750902414,36.9134340512,2025-03-13,054-634-4614,순흥전통묵집,36016.0,FD,FD01,FD010100,음식점,순흥면,N
경상북도 영주시 순흥면 청구길 15-36,,A02,A0201,A02010700,2007-02-23,http://tong.visitkorea.or.kr/cms/resource/68/3538868_image2_1.jpg,http://tong.visitkorea.or.kr/cms/resource/68/3538868_image3_1.jpg,128.5768756928,36.9305099044,2025-09-17,,순흥향교,36013.0,HS,HS01,HS010900,관광지,순흥면,Y
경상북도 영주시 영주동,,A02,A0203,A02030400,2021-11-26,http://tong.visitkorea.or.kr/cms/resource/20/3572420_image2_1.jpg,http://tong.visitkorea.or.kr/cms/resource/20/3572420_image3_1.jpg,128.6252243208,36.829947343,2025-12-02,,숫골,36098.0,EX,EX07,EX070200,관광지,영주동,Y
경상북도 영주시 회헌로 433-1,(아지동),A03,A0302,A03020200,2002-10-31,http://tong.visitkorea.or.kr/cms/resource/68/1981568_image2_1.jpg,http://tong.visitkorea.or.kr/cms/resource/68/1981568_image3_1.jpg,128.6013893623,36.863245856,2025-10-23,054-637-2128,아지청소년야영장,36054.0,VE,VE10,VE100200,레포츠,순흥면,Y
경상북도 영주시 회헌로358번길 25,(아지동),B02,B0201,B02010700,2020-12-10,,,128.6069278223,36.8610212154,2024-11-26,,아지펜션,36054.0,AC,AC03,AC030100,숙박,순흥면,N
경상북도 영주시 영주로231번길 13,,A05,A0502,A05020200,2022-08-23,http://tong.visitkorea.or.kr/cms/resource/57/2841457_image2_1.jpg,http://tong.visitkorea.or.kr/cms/resource/57/2841457_image3_1.jpg,128.6251772063,36.8264227456,2025-09-18,,아테네레스토랑,36074.0,FD,FD02,FD020300,음식점,영주동,Y
경상북도 영주시 순흥면 소백로 2796,,A02,A0208,A02081300,2025-06-19,http://tong.visitkorea.or.kr/cms/resource/02/3504002_image2_1.jpg,http://tong.visitkorea.or.kr/cms/resource/02/3504002_image3_1.jpg,128.5812364783,36.9283157941,2025-07-09,02-737-6444,안빈낙도 새로보기·음미하기·유람하기,36013.0,EV,EV03,EV030400,축제공연행사,순흥면,Y
경상북도 영주시 봉현면 신재로 831,,,,,2011-08-22,,,128.531691874243,36.861644487804,2026-02-24,,약선당영주삼계탕,36044.0,FD,FD01,FD010100,음식점,봉현면,N
경상북도 영주시 순흥면 선비세상로 1,선비세상,,,,2024-04-30,https://tong.visitkorea.or.kr/cms/resource/05/4055805_image2_1.JPG,https://tong.visitkorea.or.kr/cms/resource/05/4055805_image3_1.JPG,128.58532614046393,36.930815961635616,2026-04-14,054-630-9700,어린이선비축제,36013.0,EV,EV01,EV010400,축제공연행사,순흥면,Y
경상북도 영주시 순흥면 소백로2481번길 33,,,,,2019-08-20,https://tong.visitkorea.or.kr/cms/resource/30/3517830_image2_1.jpg,https://tong.visitkorea.or.kr/cms/resource/30/3517830_image3_1.jpg,128.5567448873681,36.91402033270191,2026-03-12,,여우생태관찰원,36015.0,,NA04,NA040500,관광지,순흥면,Y
경상북도 영주시 구성로360번길 2-1 (영주동),,,,,2019-08-20,https://tong.visitkorea.or.kr/cms/resource/51/3513851_image2_1.jpg,https://tong.visitkorea.or.kr/cms/resource/51/3513851_image3_1.jpg,128.6206,36.8257,2026-03-13,,영주 365시장,36096.0,SH,SH06,SH060200,쇼핑,영주동,Y
경상북도 영주시 평은면 수변로 13-16,,,,,2007-02-23,https://tong.visitkorea.or.kr/cms/resource/49/2534049_image2_1.jpg,https://tong.visitkorea.or.kr/cms/resource/49/2534049_image3_1.jpg,128.6812,36.7341,2026-02-11,,영주 괴헌고택,36174.0,HS,HS01,HS010400,관광지,평은면,Y
경상북도 영주시 순흥면 소백로2767번길 5,,A02,A0201,A02010700,2004-02-17,http://tong.visitkorea.or.kr/cms/resource/11/3538811_image2_1.png,http://tong.visitkorea.or.kr/cms/resource/11/3538811_image3_1.png,128.5786478572,36.927057556,2025-09-17,,영주 금성대군 신단,36013.0,HS,HS01,HS011200,관광지,순흥면,Y
경상북도 영주시 순흥면 소백로 2740,,,,,2004-02-18,https://tong.visitkorea.or.kr/cms/resource/85/3499385_image2_1.JPG,https://tong.visitkorea.or.kr/cms/resource/85/3499385_image3_1.JPG,128.580063140988,36.9253682960338,2026-03-11,,영주 소수서원,36013.0,HS,HS01,HS010900,관광지,순흥면,Y
경상북도 영주시 봉현면 소백로1623번길 268,,A02,A0203,A02030100,2014-08-07,http://tong.visitkorea.or.kr/cms/resource/23/3401023_image2_1.jpg,http://tong.visitkorea.or.kr/cms/resource/23/3401023_image3_1.jpg,128.498615839,36.8413575394,2025-06-26,,영주 솔향기마을,36045.0,EX,EX03,EX030100,관광지,봉현면,Y
경상북도 영주시 순흥면 소백로 2547-16,,A02,A0201,A02010700,2004-02-18,http://tong.visitkorea.or.kr/cms/resource/18/3538818_image2_1.JPG,http://tong.visitkorea.or.kr/cms/resource/18/3538818_image3_1.JPG,128.5657716439,36.9129117127,2025-09-17,,영주 순흥 벽화 고분,36014.0,HS,HS01,HS010800,관광지,순흥면,Y
경상북도 영주시 순흥면 태장리,,A02,A0201,A02010700,2004-02-18,http://tong.visitkorea.or.kr/cms/resource/15/3401015_image2_1.jpg,http://tong.visitkorea.or.kr/cms/resource/15/3401015_image3_1.jpg,128.562149619,36.9172361483,2025-03-18,,영주 순흥 어숙묘,36015.0,HS,HS01,HS010800,관광지,순흥면,Y
경상북도 영주시 이산면 신암리,1439-30,A02,A0201,A02010700,2007-02-23,http://tong.visitkorea.or.kr/cms/resource/16/3582916_image2_1.jpg,http://tong.visitkorea.or.kr/cms/resource/16/3582916_image3_1.jpg,128.685426895,36.8433497243,2025-12-12,,영주 신암리 마애여래삼존상,36170.0,HS,HS02,HS020300,관광지,이산면,Y
경상북도 영주시 부석면 영부로 23,,A02,A0204,A02040800,2016-12-22,http://tong.visitkorea.or.kr/cms/resource/73/3548173_image2_1.JPG,http://tong.visitkorea.or.kr/cms/resource/73/3548173_image3_1.JPG,128.6641354744,36.9940320478,2025-12-29,,영주 콩세계과학관,36002.0,EX,EX06,EX061000,관광지,부석면,Y
경상북도 영주시 광복로 22 (영주동),,A02,A0203,A02030600,2023-08-17,http://tong.visitkorea.or.kr/cms/resource/19/2998319_image2_1.JPG,http://tong.visitkorea.or.kr/cms/resource/19/2998319_image3_1.JPG,128.6208914429,36.82759753,2025-12-02,,영주근대역사문화거리,36077.0,VE,VE04,VE040100,관광지,영주동,Y
경상북도 영주시 평은면 용혈리,897-2,A02,A0206,A02060300,2021-10-26,http://tong.visitkorea.or.kr/cms/resource/14/3590614_image2_1.jpg,http://tong.visitkorea.or.kr/cms/resource/14/3590614_image3_1.jpg,128.6551246758,36.7264486413,2025-12-31,,영주댐물문화관,36174.0,VE,VE07,VE070300,문화시설,평은면,Y
경상북도 영주시 가흥로 255 (가흥동),,A02,A0206,A02060700,2007-11-06,http://tong.visitkorea.or.kr/cms/resource/78/3576478_image2_1.jpg,http://tong.visitkorea.or.kr/cms/resource/78/3576478_image3_1.jpg,128.6135117745,36.8197538447,2025-12-12,,영주문화원,36134.0,VE,VE09,VE090100,문화시설,영주동,Y
경상북도 영주시 풍기읍 동양대로 39,,A05,A0502,A05020100,2012-12-05,,,128.5291510395,36.874393216,2025-03-18,054-638-2662,영주소백산능이버섯칼국수,36023.0,FD,FD01,FD010100,음식점,풍기읍,N
경상북도 영주시 의상로116번길 43,(상망동),A02,A0203,A02030400,2021-07-09,http://tong.visitkorea.or.kr/cms/resource/05/2820505_image2_1.jpg,http://tong.visitkorea.or.kr/cms/resource/05/2820505_image2_1.jpg,128.6402307544,36.8491370953,2024-05-23,010-3522-1001,영주소백팜,36063.0,EX,EX07,EX070200,관광지,부석면,Y
경상북도 영주시 대학로240번길 8,,,,,2015-07-16,https://tong.visitkorea.or.kr/cms/resource/39/2017239_image2_1.JPG,https://tong.visitkorea.or.kr/cms/resource/39/2017239_image3_1.JPG,128.605691688014,36.8165624326559,2026-02-25,054-634-1000,영주온천관광호텔,36136.0,AC,AC04,AC040100,숙박,가흥동,Y
경상북도 영주시 대학로240번길 6 (가흥동),,A02,A0202,A02020300,2023-11-02,http://tong.visitkorea.or.kr/cms/resource/25/3412625_image2_1.jpg,http://tong.visitkorea.or.kr/cms/resource/25/3412625_image3_1.jpg,128.6052903736,36.816723481,2025-08-11,,영주온천랜드,36136.0,EX,EX05,EX050100,관광지,가흥동,Y
,,C01,C0114,C01140001,2014-08-26,,,128.4570839255,36.919994964,2023-08-08,,영주의 온천과 풍기 인삼을 체험하다,,C01,C0114,C01140001,여행코스,,N
경상북도 영주시 선비로79번길 9 (휴천동),,A04,A0401,A04010100,2003-04-16,http://tong.visitkorea.or.kr/cms/resource/19/3034619_image2_1.jpg,http://tong.visitkorea.or.kr/cms/resource/19/3034619_image3_1.jpg,128.6228306039,36.8123548679,2025-08-05,,"영주장 / 신영주번개시장 (5, 10일)",36115.0,SH,SH06,SH060100,쇼핑,순흥면,Y
경상북도 영주시 가흥로2번길 223,,,,,2012-12-07,https://tong.visitkorea.or.kr/cms/resource/76/4011176_image2_1.jpg,https://tong.visitkorea.or.kr/cms/resource/76/4011176_image3_1.jpg,128.594098986966,36.794995360044,2026-04-14,,영주청정한우식육식당,36142.0,FD,FD01,FD010100,음식점,영주동,Y
경상북도 영주시 한정로 10,,A05,A0502,A05020100,2022-08-23,http://tong.visitkorea.or.kr/cms/resource/69/2841469_image2_1.jpg,http://tong.visitkorea.or.kr/cms/resource/69/2841469_image3_1.jpg,128.6084348744,36.8051609754,2025-09-18,,영주축협한우프라자 본점,36142.0,FD,FD01,FD010100,음식점,영주동,Y
경상북도 영주시 풍기읍 풍기로 57-21,,,,,2025-01-13,https://tong.visitkorea.or.kr/cms/resource/88/3467688_image2_1.jpg,https://tong.visitkorea.or.kr/cms/resource/88/3467688_image3_1.jpg,128.52446792466824,36.8700762443096,2026-03-19,,영주칠향계,36028.0,FD,FD01,FD010100,음식점,풍기읍,Y
경상북도 영주시 중앙로63번길 41-10 (영주동),,A02,A0201,A02010800,2007-12-19,http://tong.visitkorea.or.kr/cms/resource/36/3572436_image2_1.jpg,http://tong.visitkorea.or.kr/cms/resource/36/3572436_image3_1.jpg,128.6215470622,36.8234008009,2025-12-02,,영주포교당,36098.0,HS,HS03,HS030100,관광지,영주동,Y
경상북도 영주시 명륜길 76,,A02,A0201,A02010700,2007-02-23,http://tong.visitkorea.or.kr/cms/resource/59/3538859_image2_1.JPG,http://tong.visitkorea.or.kr/cms/resource/59/3538859_image3_1.JPG,128.6293322607,36.8308834242,2025-09-17,,영주향교,36068.0,HS,HS01,HS010900,관광지,영주동,Y
경상북도 영주시 평은면 강동로 26,,,,,2021-02-19,https://tong.visitkorea.or.kr/cms/resource/24/4010324_image2_1.jpg,https://tong.visitkorea.or.kr/cms/resource/24/4010324_image3_1.jpg,128.659997680924,36.717352776411,2026-02-03,,영주호오토캠핑장,36174.0,AC,AC05,AC050200,레포츠,평은면,Y
경상북도 영주시 평은면 수변로 108,,A02,A0202,A02020700,2021-10-26,http://tong.visitkorea.or.kr/cms/resource/18/3332818_image2_1.jpg,http://tong.visitkorea.or.kr/cms/resource/18/3332818_image3_1.jpg,128.6726924845,36.7289181352,2025-03-06,,영주호용마루공원,36174.0,VE,VE03,VE030100,관광지,평은면,Y
경상북도 영주시 평은면 천본리 55-1,,A02,A0201,A02010700,2014-10-22,http://tong.visitkorea.or.kr/cms/resource/16/3539016_image2_1.JPG,http://tong.visitkorea.or.kr/cms/resource/16/3539016_image3_1.JPG,128.7329187037,36.7888985237,2025-09-17,,오계서원,36174.0,HS,HS01,HS010900,관광지,평은면,Y
경상북도 영주시 대동로103번길 31-32 (가흥동),,A02,A0201,A02010700,2014-10-22,http://tong.visitkorea.or.kr/cms/resource/44/3401044_image2_1.jpg,http://tong.visitkorea.or.kr/cms/resource/44/3401044_image3_1.jpg,128.6123591678,36.8173985371,2025-03-17,,오산서원,36134.0,HS,HS01,HS010900,관광지,대동,Y
경상북도 영주시 대학로 35 (휴천동),,,,,2024-04-11,https://tong.visitkorea.or.kr/cms/resource/47/4028047_image2_1.jpg,https://tong.visitkorea.or.kr/cms/resource/47/4028047_image3_1.jpg,128.620501098413,36.8089999782787,2026-03-17,,올리브영 경북영주역점,36126.0,SH,SH04,SH040300,쇼핑,가흥동,Y
경상북도 영주시 구성로350번길 29 (영주동),,,,,2025-10-24,https://tong.visitkorea.or.kr/cms/resource/48/4028048_image2_1.png,https://tong.visitkorea.or.kr/cms/resource/48/4028048_image3_1.png,128.624207043128,36.8242676150922,2026-03-19,,올리브영 경북영주점,36075.0,SH,SH04,SH040300,쇼핑,영주동,Y
경상북도 영주시 대학로 241 (가흥동),,,,,2025-10-24,https://tong.visitkorea.or.kr/cms/resource/50/4028050_image2_1.png,https://tong.visitkorea.or.kr/cms/resource/50/4028050_image3_1.png,128.604498733986,36.8171310323708,2026-03-19,,올리브영 영주가흥점,36137.0,SH,SH04,SH040300,쇼핑,가흥동,Y
경상북도 영주시 선비로 93,,,,,2012-12-27,,,128.622762376868,36.8132770424842,2026-02-25,,우미회초밥,36115.0,FD,FD02,FD020200,음식점,순흥면,N
경상북도 영주시 풍기읍 죽령로1360번길 289,(풍기읍),A02,A0201,A02010800,2007-12-24,http://tong.visitkorea.or.kr/cms/resource/96/3403596_image2_1.jpg,http://tong.visitkorea.or.kr/cms/resource/96/3403596_image3_1.jpg,128.4760022084,36.9018501789,2025-07-21,,유석사(영주),36020.0,HS,HS03,HS030100,관광지,풍기읍,Y
경상북도 영주시 장수면 용주로342번길 11-20,,A02,A0201,A02010700,2014-10-23,http://tong.visitkorea.or.kr/cms/resource/52/3401052_image2_1.jpg,http://tong.visitkorea.or.kr/cms/resource/52/3401052_image3_1.jpg,128.5445800952,36.7832400608,2025-03-17,,의산서원,36144.0,HS,HS01,HS010900,관광지,장수면,Y
경상북도 영주시 이산면 내림로 106-43,,A02,A0201,A02010700,2014-10-23,http://tong.visitkorea.or.kr/cms/resource/61/3401061_image2_1.jpg,http://tong.visitkorea.or.kr/cms/resource/61/3401061_image3_1.jpg,128.7010346557,36.8154198841,2025-03-17,,이산서원,36170.0,HS,HS01,HS010900,관광지,이산면,Y
경상북도 영주시 풍기읍 죽령로 1378,,A02,A0206,A02060100,2016-08-30,,,128.479688454,36.8859048546,2025-12-18,,인삼박물관,36020.0,VE,VE07,VE070100,문화시설,풍기읍,N
경상북도 영주시 안정면 신재로 515,,,,,2012-12-06,,,128.558781445695,36.8448775768721,2026-02-24,,자연식당,36050.0,FD,FD01,FD010100,음식점,안정면,N
경상북도 영주시 장수면 충효로2032번길 46,,A02,A0202,A02020600,2003-11-13,http://tong.visitkorea.or.kr/cms/resource/03/3401003_image2_1.jpg,http://tong.visitkorea.or.kr/cms/resource/03/3401003_image3_1.jpg,128.5614263385,36.7652229961,2025-03-17,,장수조이월드,36146.0,VE,VE02,VE020100,관광지,장수면,Y
경상북도 영주시 원당로163번길 24 (하망동),,A05,A0502,A05020100,2012-12-07,,,128.6289602157,36.8259534262,2025-12-15,,전통묵집식당,36081.0,FD,FD01,FD010100,음식점,영주동,N
경상북도 영주시 가흥동,,A02,A0201,A02010700,2023-08-17,http://tong.visitkorea.or.kr/cms/resource/46/2998346_image2_1.JPG,http://tong.visitkorea.or.kr/cms/resource/46/2998346_image3_1.JPG,128.61614207,36.8206149068,2025-08-12,,제민루,36139.0,HS,HS01,HS011000,관광지,가흥동,Y
경상북도 영주시 지천로143번길 2,,,,,2012-12-27,,,128.618651661456,36.8131714211257,2026-02-24,,제주복집,36112.0,FD,FD01,FD010100,음식점,영주동,N
경상북도 영주시 선비로 95-1,,,,,2012-12-27,,,128.622695711727,36.8134409103982,2026-02-25,,제주회초밥,36115.0,FD,FD02,FD020200,음식점,순흥면,N
,,C01,C0113,C01130001,2014-08-26,http://tong.visitkorea.or.kr/cms/resource/58/689058_image2_1.jpg,http://tong.visitkorea.or.kr/cms/resource/58/689058_image3_1.jpg,128.5800894438,36.9254188823,2023-08-09,,조용한 영주의 서원과 고찰을 찾아서,,C01,C0113,C01130001,여행코스,,Y
경상북도 영주시 부석면 영부로 875,,A03,A0302,A03021700,2021-10-26,http://tong.visitkorea.or.kr/cms/resource/01/2799301_image2_1.jpg,http://tong.visitkorea.or.kr/cms/resource/01/2799301_image3_1.jpg,128.6681059833,37.0400212899,2025-10-23,,주막거리캠프,36000.0,AC,AC05,AC050100,레포츠,부석면,Y
경상북도 영주시 문수면 무섬로 238-8,,B02,B0201,B02011600,2019-05-03,,,128.6194442537,36.7355747033,2024-11-27,,주실고택,36173.0,AC,AC03,AC030200,숙박,문수면,N
경상북도 영주시 안정면 용주로1364번길 12,,A02,A0203,A02030400,2021-07-09,http://tong.visitkorea.or.kr/cms/resource/39/2820539_image2_1.jpg,http://tong.visitkorea.or.kr/cms/resource/39/2820539_image2_1.jpg,128.5509833438,36.8428666846,2025-08-08,,주티스트,36050.0,EX,EX07,EX070200,관광지,안정면,Y
경상북도 영주시 순흥면 배점리,,A01,A0101,A01010900,2004-02-17,http://tong.visitkorea.or.kr/cms/resource/62/3572462_image2_1.jpg,http://tong.visitkorea.or.kr/cms/resource/62/3572462_image3_1.jpg,128.5269242588,36.942149293,2025-12-02,,죽계구곡,36012.0,,NA01,NA010400,관광지,순흥면,Y
경상북도 영주시 풍기읍 수철리,산86-2번지 등,A01,A0101,A01010500,2023-08-18,http://tong.visitkorea.or.kr/cms/resource/89/3002689_image2_1.JPG,http://tong.visitkorea.or.kr/cms/resource/89/3002689_image3_1.JPG,128.4429585021,36.882490667,2025-07-21,,죽령옛길,36020.0,VE,VE04,VE040300,관광지,풍기읍,Y
경상북도 영주시 평은면 용혈리 1106,,A02,A0201,A02010800,2008-02-22,http://tong.visitkorea.or.kr/cms/resource/43/3531143_image2_1.jpg,http://tong.visitkorea.or.kr/cms/resource/43/3531143_image3_1.jpg,128.651194904,36.7115280515,2025-09-09,,진월사(영주),36174.0,HS,HS03,HS030100,관광지,평은면,Y
경상북도 영주시 지천로 135,,,,,2012-12-27,,,128.618696127656,36.8122909722756,2026-02-24,,차이나,36112.0,FD,FD02,FD020100,음식점,영주동,N
경상북도 영주시 번영로 173,,,,,2012-12-27,,,128.624450715485,36.826442158461,2026-02-25,,참나무생고기숯불구이,36074.0,FD,FD01,FD010100,음식점,가흥동,N
경상북도 영주시 문수면 무섬로180번길 16,,,,,2024-11-11,https://tong.visitkorea.or.kr/cms/resource/69/3410969_image2_1.jpg,https://tong.visitkorea.or.kr/cms/resource/69/3410969_image3_1.jpg,128.61474287232937,36.73082524576468,2026-03-30,,천지인 전통사상체험관,36173.0,EX,EX01,EX010100,관광지,문수면,Y
경상북도 영주시 순흥면 죽계로315번길 330,,A02,A0201,A02010800,2004-02-17,http://tong.visitkorea.or.kr/cms/resource/00/3403500_image2_1.jpg,http://tong.visitkorea.or.kr/cms/resource/00/3403500_image3_1.jpg,128.5263881487,36.9437490994,2025-10-23,,초암사(영주),36012.0,HS,HS03,HS030100,관광지,순흥면,Y
경상북도 영주시 신재로 685,,A05,A0502,A05020200,2022-08-04,http://tong.visitkorea.or.kr/cms/resource/32/2832232_image2_1.jpg,http://tong.visitkorea.or.kr/cms/resource/32/2832232_image3_1.jpg,128.5444836035,36.8538569698,2025-08-26,,"카페, 선비꽃",36050.0,FD,FD02,FD020300,음식점,영주동,Y
경상북도 영주시 번영로 154 태극당,,A05,A0502,A05020900,2022-08-04,http://tong.visitkorea.or.kr/cms/resource/58/2832258_image2_1.jpg,http://tong.visitkorea.or.kr/cms/resource/58/2832258_image3_1.jpg,128.6251244736,36.8250173501,2025-08-26,,태극당,36075.0,FD,FD03,FD030100,음식점,가흥동,Y
경상북도 영주시 봉현면 신재로 846,,A02,A0204,A02040800,2016-12-22,,,128.5307179007,36.8629223383,2025-07-28,,풍기인견 홍보전시관,36044.0,EX,EX06,EX061000,관광지,봉현면,N
경상북도 영주시 봉현면 신재로 846,,,,,2026-02-03,https://tong.visitkorea.or.kr/cms/resource/86/4010086_image2_1.jpg,https://tong.visitkorea.or.kr/cms/resource/86/4010086_image3_1.jpg,128.530733369506,36.8629228111078,2026-04-15,,풍기인견홍보전시관,36044.0,VE,VE07,VE070300,문화시설,봉현면,Y
경상북도 영주시 풍기읍 소백로 1933,,A05,A0502,A05020100,2005-07-28,,,128.5359950072,36.8697855399,2025-03-19,054-635-2382,풍기인삼갈비,36038.0,FD,FD01,FD010100,음식점,풍기읍,N
경상북도 영주시 봉현면 소백로 1653,,A05,A0502,A05020100,2012-12-26,,,128.5260187264,36.8490044003,2025-03-14,054-636-6900,풍기인삼삼계탕,36045.0,FD,FD01,FD010100,음식점,봉현면,N
경상북도 영주시 풍기읍 인삼로 8,,,,,2003-11-19,https://tong.visitkorea.or.kr/cms/resource/36/3513836_image2_1.jpg,https://tong.visitkorea.or.kr/cms/resource/36/3513836_image3_1.jpg,128.523592314464,36.8729790805993,2026-03-18,054-636-7948,풍기인삼시장,36024.0,SH,SH06,SH060200,쇼핑,풍기읍,Y
경상북도 영주시 풍기읍 기주로76번길 16,,A04,A0401,A04010100,2003-04-16,http://tong.visitkorea.or.kr/cms/resource/63/3554363_image2_1.JPG,http://tong.visitkorea.or.kr/cms/resource/63/3554363_image3_1.JPG,128.5279012708,36.8702908851,2025-10-23,,풍기중앙시장,36035.0,SH,SH06,SH060100,쇼핑,풍기읍,Y
경상북도 영주시 풍기읍 금계로 104,,A02,A0201,A02010700,2014-10-10,http://tong.visitkorea.or.kr/cms/resource/30/3401030_image2_1.jpg,http://tong.visitkorea.or.kr/cms/resource/30/3401030_image3_1.jpg,128.5253900551,36.8815506581,2025-03-17,,풍기향교,36023.0,HS,HS01,HS010900,관광지,풍기읍,Y
경상북도 영주시 풍기읍 인삼로 1-1,,A05,A0502,A05020100,2012-12-05,,,128.5244070485,36.8733515797,2025-07-28,054-636-3224,한결청국장전문,36025.0,FD,FD01,FD010100,음식점,풍기읍,N
경상북도 영주시 순흥면 소백로 2806,,B02,B0201,B02010100,2019-04-24,,,128.5813724501,36.9326514102,2024-11-27,010-7302-8484,한국선비문화수련원,36013.0,AC,AC01,AC010100,숙박,순흥면,N
경상북도 영주시 원당로 17 (가흥동),,A05,A0502,A05020100,2012-12-27,,,128.6180836606,36.8172958795,2025-12-15,,한양삼계탕,36101.0,FD,FD01,FD010100,음식점,영주동,N
경상북도 영주시 대학로 29 (휴천동),,,,,2022-11-01,https://tong.visitkorea.or.kr/cms/resource/42/4043942_image2_1.JPG,https://tong.visitkorea.or.kr/cms/resource/42/4043942_image3_1.JPG,128.621289403213,36.8091442048025,2026-03-27,,홈플러스 영주점,36126.0,SH,SH04,SH040300,쇼핑,가흥동,Y
경상북도 영주시 장수면 화계길 71,,,,,2012-05-03,,,128.575176551737,36.7692564267361,2026-02-09,,화기리인동장씨종택,36146.0,HS,HS01,HS010400,관광지,장수면,N
경상북도 영주시 조암로 11,,,,,2012-12-07,,,128.631561918378,36.8003509867184,2026-02-25,,황소걸음식당,36157.0,FD,FD01,FD010100,음식점,영주동,N
경상북도 영주시 풍기읍 기주로 46,,A05,A0502,A05020100,2022-02-23,,,128.530562192,36.8686744536,2025-12-15,,황토골인삼불고기,36035.0,FD,FD01,FD010100,음식점,풍기읍,N
경상북도 영주시 풍기읍 소백로 2156,,,,,2012-12-05,,,128.540801320691,36.8885219822203,2026-02-25,,횡재먹거리한우,36041.0,FD,FD01,FD010100,음식점,풍기읍,N
경상북도 영주시 영주로 211 (영주동),,,,,2020-04-02,https://tong.visitkorea.or.kr/cms/resource/17/3517917_image2_1.jpg,https://tong.visitkorea.or.kr/cms/resource/17/3517917_image3_1.jpg,128.622902,36.826321,2026-03-13,,후생시장,36077.0,SH,SH06,SH060200,쇼핑,영주동,Y
경상북도 영주시 이산면 이산로 390-40,,A02,A0201,A02010800,2003-12-24,http://tong.visitkorea.or.kr/cms/resource/49/3531149_image2_1.jpg,http://tong.visitkorea.or.kr/cms/resource/49/3531149_image3_1.jpg,128.6716537098,36.8232906494,2025-09-09,,흑석사(영주),36170.0,HS,HS03,HS030100,관광지,이산면,Y
경상북도 영주시 대학로 92 흥부가 (대학서점),,,,,2022-02-18,,,128.614502226999,36.8074386978021,2026-02-26,,흥부가,36124.0,FD,FD01,FD010100,음식점,가흥동,N
경상북도 영주시 순흥면 순흥로 50,,A05,A0502,A05020100,2012-12-05,,,128.5768733862,36.9144173057,2025-12-15,,흥주식당,36016.0,FD,FD01,FD010100,음식점,순흥면,N
경상북도 영주시 풍기읍 죽령로1720번길 278,,A01,A0101,A01010900,2019-06-19,http://tong.visitkorea.or.kr/cms/resource/86/3403586_image2_1.jpg,http://tong.visitkorea.or.kr/cms/resource/86/3403586_image3_1.jpg,128.456742288,36.9200449519,2025-07-21,,희방계곡,36020.0,,NA01,NA010400,관광지,풍기읍,Y
경상북도 영주시 풍기읍 수철리,산1-1,,,,2004-02-17,https://tong.visitkorea.or.kr/cms/resource/30/3513830_image2_1.jpg,https://tong.visitkorea.or.kr/cms/resource/30/3513830_image3_1.jpg,128.457,36.92,2026-03-13,,희방사(영주),36020.0,HS,HS03,HS030100,관광지,풍기읍,Y
경상북도 영주시 풍기읍 수철리,,,,,2003-09-25,https://tong.visitkorea.or.kr/cms/resource/63/3510063_image2_1.jpg,https://tong.visitkorea.or.kr/cms/resource/63/3510063_image3_1.jpg,128.458,36.9178,2026-03-12,"054-638-6196, 6796",희방폭포,36020.0,,NA01,NA010300,관광지,풍기읍,Y
,,C01,C0115,C01150001,2013-12-14,http://tong.visitkorea.or.kr/cms/resource/54/1614854_image2_1.jpg,http://tong.visitkorea.or.kr/cms/resource/54/1614854_image3_1.jpg,128.6213025371,36.7316057476,2023-08-09,,2천년의 역사를 간직한 오래된 옛길을 걷다,,C01,C0115,C01150001,여행코스,,Y
경상북도 영주시 선비세상로 1 선비세상,,A02,A0202,A02020600,2023-04-10,http://tong.visitkorea.or.kr/cms/resource/51/3588851_image2_1.jpg,http://tong.visitkorea.or.kr/cms/resource/51/3588851_image3_1.jpg,128.5853499251,36.930865579,2025-12-26,,K문화테마파크 선비세상,36013.0,VE,VE02,VE020100,관광지,영주동,Y
경상북도 영주시 번영로173번길 10,,A05,A0502,A05020100,2019-10-24,http://tong.visitkorea.or.kr/cms/resource/54/2630254_image2_1.jpg,http://tong.visitkorea.or.kr/cms/resource/54/2630254_image2_1.jpg,128.6240467385,36.8268698954,2025-11-26,054-6311-1437,[백년가게]축산본점식육식당(축산회관),36074.0,FD,FD01,FD010100,음식점,가흥동,Y
