요양기관명,진료과목코드,진료과목코드명,과목별 전문의수,선택진료 의사수
가톨릭의원,1,내과,0,0
가톨릭의원,5,정형외과,0,0
가톨릭의원,11,소아청소년과,0,0
가톨릭의원,14,피부과,0,0
가톨릭의원,15,비뇨의학과,0,0
강남비뇨기과의원,14,피부과,0,0
강남비뇨기과의원,15,비뇨의학과,1,0
강남치과의원,50,구강악안면외과,1,0
강남치과의원,51,치과보철과,0,0
강남치과의원,52,치과교정과,0,0
강남치과의원,53,소아치과,0,0
강남치과의원,54,치주과,0,0
강남치과의원,55,치과보존과,0,0
강남치과의원,56,구강내과,0,0
강남치과의원,57,영상치의학과,0,0
강남치과의원,59,예방치과,0,0
경북마취통증의학과의원,1,내과,0,0
경북마취통증의학과의원,5,정형외과,0,0
경북마취통증의학과의원,6,신경외과,0,0
경북마취통증의학과의원,9,마취통증의학과,1,0
경북마취통증의학과의원,13,이비인후과,0,0
경북마취통증의학과의원,14,피부과,0,0
구본환내과의원,1,내과,1,0
구성현내과의원,1,내과,1,0
권오연치과의원,50,구강악안면외과,0,0
권오연치과의원,51,치과보철과,0,0
권오연치과의원,53,소아치과,0,0
권오연치과의원,54,치주과,0,0
권오연치과의원,55,치과보존과,0,0
권오연치과의원,57,영상치의학과,0,0
권오연치과의원,61,통합치의학과,0,0
권치과의원,50,구강악안면외과,0,0
권치과의원,51,치과보철과,0,0
권치과의원,53,소아치과,0,0
권치과의원,54,치주과,0,0
권치과의원,55,치과보존과,0,0
권치과의원,56,구강내과,0,0
권치과의원,57,영상치의학과,0,0
권치과의원,59,예방치과,0,0
김내과의원,1,내과,1,0
김내과의원,2,신경과,0,0
김내과의원,11,소아청소년과,0,0
김내과의원,13,이비인후과,0,0
김내과의원,14,피부과,0,0
김내과의원,15,비뇨의학과,0,0
김대순치과의원,50,구강악안면외과,0,0
김대순치과의원,51,치과보철과,0,0
김대순치과의원,53,소아치과,0,0
김대순치과의원,54,치주과,0,0
김대순치과의원,55,치과보존과,0,0
김대순치과의원,56,구강내과,0,0
김대순치과의원,57,영상치의학과,0,0
김대순치과의원,58,구강병리과,0,0
김대순치과의원,59,예방치과,0,0
김대순치과의원,61,통합치의학과,0,0
김신경정신과의원,3,정신건강의학과,1,0
김제욱비뇨기과의원,1,내과,0,0
김제욱비뇨기과의원,2,신경과,0,0
김제욱비뇨기과의원,4,외과,0,0
김제욱비뇨기과의원,14,피부과,0,0
김제욱비뇨기과의원,15,비뇨의학과,1,0
꽃동산치과의원,61,통합치의학과,0,0
남내과의원,1,내과,1,0
남내과의원,11,소아청소년과,0,0
남내과의원,15,비뇨의학과,0,0
다미안의원,14,피부과,0,0
다인산부인과의원,10,산부인과,1,0
대동한의원,80,한방내과,0,0
대동한의원,81,한방부인과,0,0
대동한의원,82,한방소아과,0,0
대동한의원,85,침구과,0,0
대영연합의원,1,내과,0,0
대영연합의원,4,외과,1,0
대영연합의원,11,소아청소년과,0,0
대영연합의원,14,피부과,0,0
대영연합의원,15,비뇨의학과,0,0
대영연합의원,23,가정의학과,1,0
도건호마취과의원,9,마취통증의학과,1,0
도원한의원,80,한방내과,0,0
도원한의원,81,한방부인과,0,0
도원한의원,82,한방소아과,0,0
도원한의원,83,한방안·이비인후·피부과,0,0
도원한의원,84,한방신경정신과,0,0
도원한의원,85,침구과,0,0
도원한의원,86,한방재활의학과,0,0
도원한의원,87,사상체질과,0,0
도제한의원,80,한방내과,0,0
도제한의원,81,한방부인과,0,0
도제한의원,82,한방소아과,0,0
도제한의원,83,한방안·이비인후·피부과,0,0
도제한의원,84,한방신경정신과,0,0
도제한의원,85,침구과,0,0
도제한의원,86,한방재활의학과,0,0
도제한의원,87,사상체질과,0,0
동산정형외과의원,1,내과,0,0
동산정형외과의원,2,신경과,0,0
동산정형외과의원,5,정형외과,1,0
동산정형외과의원,15,비뇨의학과,0,0
동산정형외과의원,16,영상의학과,0,0
라온365한의원 영주점,80,한방내과,0,0
라온365한의원 영주점,81,한방부인과,0,0
라온365한의원 영주점,82,한방소아과,0,0
라온365한의원 영주점,83,한방안·이비인후·피부과,0,0
라온365한의원 영주점,84,한방신경정신과,0,0
라온365한의원 영주점,85,침구과,0,0
라온365한의원 영주점,86,한방재활의학과,1,0
라온365한의원 영주점,87,사상체질과,0,0
라온치과의원,50,구강악안면외과,0,0
라온치과의원,51,치과보철과,0,0
라온치과의원,53,소아치과,0,0
라온치과의원,54,치주과,0,0
라온치과의원,55,치과보존과,0,0
라온치과의원,56,구강내과,0,0
라온치과의원,57,영상치의학과,0,0
라온치과의원,59,예방치과,0,0
라온치과의원,61,통합치의학과,0,0
램브란트치과의원,50,구강악안면외과,0,0
램브란트치과의원,51,치과보철과,0,0
램브란트치과의원,53,소아치과,0,0
램브란트치과의원,54,치주과,0,0
램브란트치과의원,55,치과보존과,0,0
램브란트치과의원,56,구강내과,0,0
램브란트치과의원,57,영상치의학과,0,0
램브란트치과의원,59,예방치과,0,0
램브란트치과의원,61,통합치의학과,0,0
리더스치과의원,50,구강악안면외과,0,0
리더스치과의원,51,치과보철과,0,0
리더스치과의원,52,치과교정과,0,0
리더스치과의원,53,소아치과,0,0
리더스치과의원,54,치주과,0,0
리더스치과의원,55,치과보존과,0,0
리더스치과의원,56,구강내과,0,0
리더스치과의원,61,통합치의학과,2,0
마음편한정신건강의학과의원,2,신경과,1,0
마음편한정신건강의학과의원,3,정신건강의학과,1,0
맑은 이비인후과 의원,1,내과,0,0
맑은 이비인후과 의원,11,소아청소년과,0,0
맑은 이비인후과 의원,13,이비인후과,1,0
몸편한재활의학과의원,5,정형외과,0,0
몸편한재활의학과의원,9,마취통증의학과,0,0
몸편한재활의학과의원,21,재활의학과,1,0
바른치과의원,50,구강악안면외과,0,0
바른치과의원,51,치과보철과,0,0
바른치과의원,52,치과교정과,0,0
바른치과의원,53,소아치과,0,0
바른치과의원,54,치주과,0,0
바른치과의원,55,치과보존과,0,0
바른치과의원,56,구강내과,0,0
바른치과의원,59,예방치과,0,0
박상현내과의원,1,내과,1,0
박상현내과의원,11,소아청소년과,0,0
박상현내과의원,13,이비인후과,0,0
백세한의원,80,한방내과,0,0
백세한의원,81,한방부인과,0,0
백세한의원,82,한방소아과,0,0
백세한의원,83,한방안·이비인후·피부과,0,0
백세한의원,84,한방신경정신과,0,0
백세한의원,85,침구과,0,0
백세한의원,86,한방재활의학과,0,0
백현우외과의원,1,내과,0,0
백현우외과의원,2,신경과,0,0
백현우외과의원,4,외과,1,0
백현우외과의원,5,정형외과,0,0
백현우외과의원,6,신경외과,0,0
백현우외과의원,11,소아청소년과,0,0
백현우외과의원,13,이비인후과,0,0
백현우외과의원,14,피부과,0,0
백현우외과의원,15,비뇨의학과,0,0
백현우외과의원,23,가정의학과,0,0
변상철치과의원,50,구강악안면외과,0,0
변상철치과의원,51,치과보철과,0,0
변상철치과의원,53,소아치과,0,0
변상철치과의원,54,치주과,0,0
변상철치과의원,55,치과보존과,0,0
변상철치과의원,56,구강내과,0,0
변상철치과의원,59,예방치과,0,0
본한의원,80,한방내과,0,0
본한의원,81,한방부인과,0,0
본한의원,82,한방소아과,0,0
본한의원,83,한방안·이비인후·피부과,0,0
본한의원,84,한방신경정신과,0,0
본한의원,85,침구과,0,0
본한의원,86,한방재활의학과,0,0
부석한의원,80,한방내과,0,0
부석한의원,81,한방부인과,0,0
부석한의원,82,한방소아과,0,0
부석한의원,83,한방안·이비인후·피부과,0,0
부석한의원,84,한방신경정신과,0,0
부석한의원,85,침구과,0,0
부석한의원,86,한방재활의학과,0,0
부석한의원,87,사상체질과,0,0
삼성안과의원,12,안과,1,0
삼성통증의학과의원,2,신경과,0,0
삼성통증의학과의원,5,정형외과,0,0
삼성통증의학과의원,6,신경외과,0,0
삼성통증의학과의원,9,마취통증의학과,1,0
삼성한의원,80,한방내과,0,0
삼성한의원,81,한방부인과,0,0
삼성한의원,82,한방소아과,0,0
삼성한의원,83,한방안·이비인후·피부과,0,0
삼성한의원,84,한방신경정신과,0,0
삼성한의원,85,침구과,0,0
삼성한의원,86,한방재활의학과,0,0
삼성한의원,87,사상체질과,0,0
서울마디의원,1,내과,0,0
서울마디의원,2,신경과,0,0
서울마디의원,3,정신건강의학과,0,0
서울마디의원,4,외과,0,0
서울마디의원,5,정형외과,0,0
서울마디의원,6,신경외과,0,0
서울마디의원,8,성형외과,0,0
서울마디의원,9,마취통증의학과,0,0
서울마디의원,10,산부인과,1,0
서울마디의원,11,소아청소년과,0,0
서울마디의원,12,안과,0,0
서울마디의원,13,이비인후과,0,0
서울마디의원,14,피부과,0,0
서울마디의원,15,비뇨의학과,0,0
서울마디의원,21,재활의학과,0,0
서울마디의원,23,가정의학과,0,0
서울미소치과의원,50,구강악안면외과,0,0
서울미소치과의원,51,치과보철과,0,0
서울미소치과의원,52,치과교정과,0,0
서울미소치과의원,53,소아치과,0,0
서울미소치과의원,54,치주과,0,0
서울미소치과의원,55,치과보존과,0,0
서울미소치과의원,56,구강내과,0,0
서울미소치과의원,57,영상치의학과,0,0
서울미소치과의원,59,예방치과,0,0
서울이비인후과의원,1,내과,0,0
서울이비인후과의원,12,안과,0,0
서울이비인후과의원,13,이비인후과,1,0
서울치과의원,51,치과보철과,0,0
서울치과의원,53,소아치과,0,0
서울치과의원,55,치과보존과,0,0
서울치과의원,56,구강내과,0,0
서울치과의원,57,영상치의학과,0,0
서울한의원,80,한방내과,0,0
서울한의원,81,한방부인과,0,0
서울한의원,82,한방소아과,0,0
서울한의원,85,침구과,0,0
선제한의원,80,한방내과,0,0
선제한의원,81,한방부인과,0,0
선제한의원,82,한방소아과,0,0
선제한의원,83,한방안·이비인후·피부과,0,0
선제한의원,84,한방신경정신과,0,0
선제한의원,85,침구과,0,0
성심한의원,80,한방내과,0,0
성심한의원,81,한방부인과,0,0
성심한의원,82,한방소아과,0,0
성심한의원,83,한방안·이비인후·피부과,0,0
성심한의원,84,한방신경정신과,0,0
성심한의원,85,침구과,0,0
성심한의원,86,한방재활의학과,0,0
성심한의원,87,사상체질과,0,0
세움한의원,80,한방내과,0,0
세움한의원,81,한방부인과,0,0
세움한의원,82,한방소아과,0,0
세움한의원,83,한방안·이비인후·피부과,0,0
세움한의원,84,한방신경정신과,0,0
세움한의원,85,침구과,0,0
세움한의원,86,한방재활의학과,0,0
세움한의원,87,사상체질과,0,0
소백한의원,80,한방내과,0,0
소백한의원,85,침구과,0,0
손현석내과의원,1,내과,1,0
수치과의원,50,구강악안면외과,0,0
수치과의원,51,치과보철과,0,0
수치과의원,53,소아치과,0,0
수치과의원,54,치주과,0,0
수치과의원,55,치과보존과,0,0
수치과의원,56,구강내과,0,0
수치과의원,57,영상치의학과,0,0
수치과의원,58,구강병리과,0,0
수치과의원,59,예방치과,0,0
수치과의원,61,통합치의학과,0,0
수한의원,80,한방내과,0,0
수한의원,81,한방부인과,0,0
수한의원,82,한방소아과,0,0
수한의원,83,한방안·이비인후·피부과,0,0
수한의원,84,한방신경정신과,0,0
수한의원,85,침구과,0,0
수한의원,86,한방재활의학과,0,0
수한의원,87,사상체질과,0,0
신비뇨기과의원,14,피부과,0,0
신비뇨기과의원,15,비뇨의학과,1,0
신영주내과의원,1,내과,1,0
신영주한의원,80,한방내과,0,0
신영주한의원,81,한방부인과,0,0
신영주한의원,82,한방소아과,0,0
신영주한의원,83,한방안·이비인후·피부과,0,0
신영주한의원,84,한방신경정신과,0,0
신영주한의원,85,침구과,0,0
신영주한의원,86,한방재활의학과,0,0
신영주한의원,87,사상체질과,0,0
신한의원,80,한방내과,0,0
신한의원,81,한방부인과,0,0
신한의원,82,한방소아과,0,0
신한의원,83,한방안·이비인후·피부과,0,0
신한의원,84,한방신경정신과,0,0
신한의원,85,침구과,0,0
아름다운피부과의원,14,피부과,1,0
에이스마취통증의학과의원,5,정형외과,0,0
에이스마취통증의학과의원,6,신경외과,0,0
에이스마취통증의학과의원,9,마취통증의학과,1,0
에이스마취통증의학과의원,21,재활의학과,0,0
에이스마취통증의학과의원,23,가정의학과,0,0
연세가족치과의원,50,구강악안면외과,1,0
연세가족치과의원,51,치과보철과,0,0
연세가족치과의원,52,치과교정과,0,0
연세가족치과의원,53,소아치과,1,0
연세가족치과의원,54,치주과,0,0
연세가족치과의원,55,치과보존과,0,0
연세가족치과의원,56,구강내과,0,0
연세가족치과의원,57,영상치의학과,0,0
연세가족치과의원,58,구강병리과,0,0
연세가족치과의원,59,예방치과,0,0
연세소망치과의원,50,구강악안면외과,0,0
연세소망치과의원,51,치과보철과,2,0
연세소망치과의원,52,치과교정과,0,0
연세소망치과의원,53,소아치과,0,0
연세소망치과의원,54,치주과,0,0
연세소망치과의원,55,치과보존과,0,0
연세소망치과의원,56,구강내과,0,0
연세소망치과의원,57,영상치의학과,0,0
연세소망치과의원,59,예방치과,0,0
연세소망치과의원,61,통합치의학과,0,0
연세송치과의원,50,구강악안면외과,0,0
연세송치과의원,51,치과보철과,0,0
연세송치과의원,52,치과교정과,0,0
연세송치과의원,53,소아치과,0,0
연세송치과의원,54,치주과,0,0
연세송치과의원,55,치과보존과,0,0
연세송치과의원,56,구강내과,0,0
연세송치과의원,57,영상치의학과,0,0
연세송치과의원,58,구강병리과,0,0
연세송치과의원,59,예방치과,0,0
연세행복치과의원,50,구강악안면외과,0,0
연세행복치과의원,51,치과보철과,0,0
연세행복치과의원,52,치과교정과,0,0
연세행복치과의원,53,소아치과,0,0
연세행복치과의원,54,치주과,0,0
연세행복치과의원,55,치과보존과,0,0
연세행복치과의원,56,구강내과,0,0
연세행복치과의원,57,영상치의학과,0,0
연세행복치과의원,59,예방치과,0,0
연세행복치과의원,61,통합치의학과,0,0
연세화이트치과의원,50,구강악안면외과,0,0
연세화이트치과의원,51,치과보철과,0,0
연세화이트치과의원,53,소아치과,0,0
연세화이트치과의원,54,치주과,0,0
연세화이트치과의원,55,치과보존과,0,0
연세화이트치과의원,56,구강내과,0,0
연세화이트치과의원,57,영상치의학과,0,0
연세화이트치과의원,59,예방치과,0,0
연세화이트치과의원,61,통합치의학과,0,0
연합치과의원,50,구강악안면외과,0,0
연합치과의원,51,치과보철과,0,0
연합치과의원,53,소아치과,0,0
연합치과의원,54,치주과,0,0
연합치과의원,55,치과보존과,0,0
영주기독병원,1,내과,1,0
영주기독병원,5,정형외과,1,0
영주기독병원,9,마취통증의학과,0,0
영주기독병원,10,산부인과,3,0
영주기독병원,16,영상의학과,1,0
영주기독병원,23,가정의학과,0,0
영주늘좋은내과의원,1,내과,1,0
영주미플란트치과의원,50,구강악안면외과,0,0
영주미플란트치과의원,51,치과보철과,0,0
영주미플란트치과의원,52,치과교정과,0,0
영주미플란트치과의원,53,소아치과,0,0
영주미플란트치과의원,54,치주과,0,0
영주미플란트치과의원,55,치과보존과,0,0
영주미플란트치과의원,56,구강내과,0,0
영주미플란트치과의원,57,영상치의학과,0,0
영주미플란트치과의원,59,예방치과,0,0
영주미플란트치과의원,61,통합치의학과,1,0
영주밝은안과의원,12,안과,1,0
영주부부한의원,80,한방내과,0,0
영주부부한의원,81,한방부인과,0,0
영주부부한의원,82,한방소아과,0,0
영주부부한의원,83,한방안·이비인후·피부과,0,0
영주부부한의원,84,한방신경정신과,0,0
영주부부한의원,85,침구과,0,0
영주부부한의원,86,한방재활의학과,0,0
영주부부한의원,87,사상체질과,1,0
영주삼봉병원,3,정신건강의학과,2,0
영주성모안과의원,12,안과,2,0
영주스마트치과의원,50,구강악안면외과,0,0
영주스마트치과의원,51,치과보철과,0,0
영주스마트치과의원,52,치과교정과,0,0
영주스마트치과의원,53,소아치과,0,0
영주스마트치과의원,54,치주과,0,0
영주스마트치과의원,55,치과보존과,0,0
영주스마트치과의원,56,구강내과,0,0
영주스마트치과의원,57,영상치의학과,0,0
영주스마트치과의원,58,구강병리과,0,0
영주스마트치과의원,59,예방치과,0,0
영주시단산면보건지소,1,내과,0,0
영주시단산면보건지소,80,한방내과,0,0
영주시단산면보건지소,81,한방부인과,0,0
영주시단산면보건지소,82,한방소아과,0,0
영주시단산면보건지소,83,한방안·이비인후·피부과,0,0
영주시단산면보건지소,84,한방신경정신과,0,0
영주시단산면보건지소,85,침구과,0,0
영주시단산면보건지소,86,한방재활의학과,0,0
영주시단산면보건지소,87,사상체질과,0,0
영주시단산면보건지소,88,한방응급,0,0
영주시립노인전문요양병원,1,내과,3,0
영주시립노인전문요양병원,6,신경외과,1,0
영주시립노인전문요양병원,23,가정의학과,0,0
영주시립노인전문요양병원,85,침구과,0,0
영주시문수면보건지소,1,내과,0,0
영주시문수면보건지소,50,구강악안면외과,0,0
영주시문수면보건지소,51,치과보철과,0,0
영주시문수면보건지소,52,치과교정과,0,0
영주시문수면보건지소,53,소아치과,0,0
영주시문수면보건지소,54,치주과,0,0
영주시문수면보건지소,55,치과보존과,0,0
영주시문수면보건지소,56,구강내과,0,0
영주시문수면보건지소,57,영상치의학과,0,0
영주시문수면보건지소,58,구강병리과,0,0
영주시문수면보건지소,59,예방치과,0,0
영주시문수면보건지소,61,통합치의학과,0,0
영주시봉현면보건지소,1,내과,0,0
영주시봉현면보건지소,80,한방내과,0,0
영주시봉현면보건지소,81,한방부인과,0,0
영주시봉현면보건지소,82,한방소아과,0,0
영주시봉현면보건지소,83,한방안·이비인후·피부과,0,0
영주시봉현면보건지소,84,한방신경정신과,0,0
영주시봉현면보건지소,85,침구과,0,0
영주시봉현면보건지소,86,한방재활의학과,0,0
영주시봉현면보건지소,87,사상체질과,0,0
영주시부석면보건지소,1,내과,0,0
영주시부석면보건지소,50,구강악안면외과,0,0
영주시부석면보건지소,51,치과보철과,0,0
영주시부석면보건지소,52,치과교정과,0,0
영주시부석면보건지소,53,소아치과,0,0
영주시부석면보건지소,54,치주과,0,0
영주시부석면보건지소,55,치과보존과,0,0
영주시부석면보건지소,56,구강내과,0,0
영주시부석면보건지소,57,영상치의학과,0,0
영주시부석면보건지소,58,구강병리과,0,0
영주시부석면보건지소,59,예방치과,0,0
영주시부석면보건지소,61,통합치의학과,0,0
영주시순흥면보건지소,1,내과,0,0
영주시순흥면보건지소,80,한방내과,0,0
영주시순흥면보건지소,81,한방부인과,0,0
영주시순흥면보건지소,82,한방소아과,0,0
영주시순흥면보건지소,83,한방안·이비인후·피부과,0,0
영주시순흥면보건지소,84,한방신경정신과,0,0
영주시순흥면보건지소,85,침구과,0,0
영주시순흥면보건지소,86,한방재활의학과,0,0
영주시순흥면보건지소,87,사상체질과,0,0
영주시안정면보건지소,1,내과,0,0
영주시안정면보건지소,80,한방내과,0,0
영주시안정면보건지소,81,한방부인과,0,0
영주시안정면보건지소,82,한방소아과,0,0
영주시안정면보건지소,83,한방안·이비인후·피부과,0,0
영주시안정면보건지소,84,한방신경정신과,0,0
영주시안정면보건지소,85,침구과,0,0
영주시안정면보건지소,87,사상체질과,0,0
영주시이산면보건지소,1,내과,0,0
영주시장수면보건지소,1,내과,0,0
영주시장수면보건지소,80,한방내과,0,0
영주시장수면보건지소,81,한방부인과,0,0
영주시장수면보건지소,82,한방소아과,0,0
영주시장수면보건지소,83,한방안·이비인후·피부과,0,0
영주시장수면보건지소,84,한방신경정신과,0,0
영주시장수면보건지소,85,침구과,0,0
영주시장수면보건지소,86,한방재활의학과,0,0
영주시장수면보건지소,87,사상체질과,0,0
영주시장수면보건지소,88,한방응급,0,0
영주시평은면보건지소,1,내과,0,0
영주시평은면보건지소,80,한방내과,0,0
영주시평은면보건지소,81,한방부인과,0,0
영주시평은면보건지소,82,한방소아과,0,0
영주시평은면보건지소,83,한방안·이비인후·피부과,0,0
영주시평은면보건지소,84,한방신경정신과,0,0
영주시평은면보건지소,85,침구과,0,0
영주시평은면보건지소,86,한방재활의학과,0,0
영주시평은면보건지소,87,사상체질과,0,0
영주시평은면보건지소,88,한방응급,0,0
영주시풍기읍보건지소,1,내과,0,0
영주시풍기읍보건지소,80,한방내과,0,0
영주시풍기읍보건지소,81,한방부인과,0,0
영주시풍기읍보건지소,82,한방소아과,0,0
영주시풍기읍보건지소,83,한방안·이비인후·피부과,0,0
영주시풍기읍보건지소,84,한방신경정신과,0,0
영주시풍기읍보건지소,85,침구과,0,0
영주시풍기읍보건지소,86,한방재활의학과,0,0
영주시풍기읍보건지소,87,사상체질과,0,0
영주시풍기읍보건지소,88,한방응급,0,0
영주신통의원,21,재활의학과,1,0
영주연합속내과의원,1,내과,2,0
영주연합속내과의원,11,소아청소년과,0,0
영주연합속내과의원,13,이비인후과,0,0
영주연합속내과의원,14,피부과,0,0
영주연합속내과의원,15,비뇨의학과,0,0
영주예치과의원,50,구강악안면외과,0,0
영주예치과의원,51,치과보철과,0,0
영주예치과의원,52,치과교정과,0,0
영주예치과의원,53,소아치과,0,0
영주예치과의원,54,치주과,0,0
영주예치과의원,55,치과보존과,0,0
영주예치과의원,56,구강내과,0,0
영주예치과의원,57,영상치의학과,0,0
영주예치과의원,58,구강병리과,0,0
영주예치과의원,59,예방치과,0,0
영주예치과의원,61,통합치의학과,0,0
영주자인병원,1,내과,2,0
영주자인병원,2,신경과,1,0
영주자인병원,4,외과,1,0
영주자인병원,5,정형외과,1,0
영주자인병원,9,마취통증의학과,1,0
영주자인병원,10,산부인과,1,0
영주자인병원,14,피부과,0,0
영주자인병원,16,영상의학과,1,0
영주자인병원,23,가정의학과,0,0
영주자인병원,24,응급의학과,0,0
영주적십자병원,1,내과,3,0
영주적십자병원,2,신경과,1,0
영주적십자병원,4,외과,2,0
영주적십자병원,5,정형외과,2,0
영주적십자병원,6,신경외과,1,0
영주적십자병원,9,마취통증의학과,1,0
영주적십자병원,11,소아청소년과,1,0
영주적십자병원,15,비뇨의학과,1,0
영주적십자병원,16,영상의학과,1,0
영주적십자병원,19,진단검사의학과,1,0
영주적십자병원,23,가정의학과,2,0
영주적십자병원,24,응급의학과,1,0
영주중앙의원,1,내과,0,0
영주중앙의원,4,외과,0,0
영주중앙의원,11,소아청소년과,0,0
영주중앙의원,13,이비인후과,0,0
영주중앙의원,14,피부과,0,0
영주진단방사선과의원,1,내과,0,0
영주진단방사선과의원,5,정형외과,0,0
영주진단방사선과의원,6,신경외과,0,0
영주진단방사선과의원,16,영상의학과,2,0
영주진단방사선과의원,23,가정의학과,1,0
영주치과의원,50,구강악안면외과,0,0
영주치과의원,51,치과보철과,0,0
영주치과의원,54,치주과,0,0
영주치과의원,55,치과보존과,0,0
영주치과의원,56,구강내과,0,0
영주치과의원,57,영상치의학과,0,0
영풍제일의원,1,내과,0,0
영풍제일의원,5,정형외과,0,0
외갓집한의원,80,한방내과,0,0
외갓집한의원,81,한방부인과,0,0
외갓집한의원,82,한방소아과,0,0
외갓집한의원,83,한방안·이비인후·피부과,0,0
외갓집한의원,84,한방신경정신과,0,0
외갓집한의원,85,침구과,0,0
외갓집한의원,86,한방재활의학과,0,0
외갓집한의원,87,사상체질과,0,0
우리치과의원,50,구강악안면외과,0,0
우리치과의원,51,치과보철과,0,0
우리치과의원,54,치주과,0,0
우리치과의원,55,치과보존과,0,0
우리치과의원,56,구강내과,0,0
우리치과의원,57,영상치의학과,0,0
우리치과의원,59,예방치과,0,0
우리치과의원,61,통합치의학과,0,0
우리한의원,80,한방내과,0,0
우리한의원,81,한방부인과,0,0
우리한의원,82,한방소아과,0,0
우리한의원,83,한방안·이비인후·피부과,0,0
우리한의원,85,침구과,0,0
우성한의원,80,한방내과,0,0
우성한의원,81,한방부인과,0,0
우성한의원,82,한방소아과,0,0
우성한의원,83,한방안·이비인후·피부과,0,0
우성한의원,84,한방신경정신과,0,0
우성한의원,85,침구과,0,0
우성한의원,86,한방재활의학과,0,0
우성한의원,87,사상체질과,0,0
유생한의원,80,한방내과,0,0
유생한의원,81,한방부인과,0,0
유생한의원,82,한방소아과,0,0
유생한의원,83,한방안·이비인후·피부과,0,0
유생한의원,84,한방신경정신과,0,0
유생한의원,85,침구과,0,0
유생한의원,86,한방재활의학과,0,0
유생한의원,87,사상체질과,0,0
은광의원,1,내과,0,0
은광의원,11,소아청소년과,0,0
의료법인 영주의료재단 더명품재활병원,1,내과,1,0
의료법인 영주의료재단 더명품재활병원,21,재활의학과,2,0
의료법인 영주의료재단 명품요양병원,1,내과,1,0
의료법인 영주의료재단 명품요양병원,4,외과,1,0
의료법인 영주의료재단 명품요양병원,6,신경외과,0,0
의료법인 영주의료재단 명품요양병원,10,산부인과,0,0
의료법인 영주의료재단 명품요양병원,15,비뇨의학과,0,0
의료법인 영주의료재단 명품요양병원,21,재활의학과,1,0
의료법인 영주의료재단 명품요양병원,23,가정의학과,0,0
의료법인 영주의료재단 명품요양병원,80,한방내과,0,0
의료법인기호의료재단 청하요양병원,1,내과,1,0
의료법인기호의료재단 청하요양병원,4,외과,1,0
의료법인기호의료재단 청하요양병원,5,정형외과,1,0
의료법인기호의료재단 청하요양병원,6,신경외과,0,0
의료법인기호의료재단 청하요양병원,10,산부인과,1,0
의료법인기호의료재단 청하요양병원,21,재활의학과,1,0
의료법인기호의료재단 청하요양병원,54,치주과,0,0
의료법인기호의료재단 청하요양병원,80,한방내과,0,0
의료법인일맥의료재단 영주인애가한방병원,80,한방내과,0,0
의료법인일맥의료재단 영주인애가한방병원,81,한방부인과,0,0
의료법인일맥의료재단 영주인애가한방병원,82,한방소아과,1,0
의료법인일맥의료재단 영주인애가한방병원,83,한방안·이비인후·피부과,0,0
의료법인일맥의료재단 영주인애가한방병원,84,한방신경정신과,0,0
의료법인일맥의료재단 영주인애가한방병원,85,침구과,1,0
의료법인청봉의료재단성누가병원,1,내과,0,0
의료법인청봉의료재단성누가병원,4,외과,0,0
의료법인청봉의료재단성누가병원,5,정형외과,0,0
의료법인청봉의료재단성누가병원,6,신경외과,0,0
의료법인청봉의료재단성누가병원,9,마취통증의학과,0,0
의료법인청봉의료재단성누가병원,11,소아청소년과,0,0
의료법인청봉의료재단성누가병원,16,영상의학과,0,0
의료법인청봉의료재단성누가병원,23,가정의학과,0,0
의료법인청봉의료재단성누가병원,24,응급의학과,0,0
의료법인태훈의료재단새희망병원,3,정신건강의학과,4,0
의료법인태훈의료재단새희망병원,84,한방신경정신과,1,0
이강욱내과의원,1,내과,1,0
이강욱내과의원,2,신경과,0,0
이강욱내과의원,11,소아청소년과,0,0
이강욱내과의원,13,이비인후과,0,0
이강욱내과의원,14,피부과,0,0
이강욱내과의원,15,비뇨의학과,0,0
이기훈정형외과의원,5,정형외과,1,0
이정일산부인과의원,10,산부인과,1,0
이찬응산부인과의원,10,산부인과,1,0
인애가의원,1,내과,1,0
인애가의원,4,외과,0,0
인애가의원,5,정형외과,0,0
인애가의원,11,소아청소년과,0,0
인애가의원,13,이비인후과,0,0
인애가의원,14,피부과,0,0
인애가의원,21,재활의학과,0,0
자연한의원,80,한방내과,0,0
자연한의원,85,침구과,0,0
제일신경외과의원,1,내과,0,0
제일신경외과의원,4,외과,0,0
제일신경외과의원,5,정형외과,0,0
제일신경외과의원,6,신경외과,1,0
제일신경외과의원,8,성형외과,0,0
제일신경외과의원,9,마취통증의학과,0,0
제일신경외과의원,14,피부과,0,0
제일신경외과의원,15,비뇨의학과,0,0
제일신경외과의원,16,영상의학과,0,0
지성안과의원,12,안과,1,0
최내과의원,1,내과,1,0
최치과의원,50,구강악안면외과,0,0
최치과의원,51,치과보철과,0,0
최치과의원,53,소아치과,0,0
최치과의원,54,치주과,0,0
최치과의원,55,치과보존과,0,0
최치과의원,56,구강내과,0,0
최치과의원,57,영상치의학과,0,0
최치과의원,58,구강병리과,0,0
최치과의원,59,예방치과,0,0
최치과의원,61,통합치의학과,0,0
태형한의원,80,한방내과,0,0
태형한의원,81,한방부인과,0,0
태형한의원,82,한방소아과,0,0
태형한의원,83,한방안·이비인후·피부과,0,0
태형한의원,84,한방신경정신과,0,0
태형한의원,85,침구과,0,0
태형한의원,86,한방재활의학과,0,0
태형한의원,87,사상체질과,0,0
파란의원,13,이비인후과,0,0
풍기이정한의원,80,한방내과,0,0
풍기이정한의원,81,한방부인과,0,0
풍기이정한의원,82,한방소아과,0,0
풍기이정한의원,83,한방안·이비인후·피부과,0,0
풍기이정한의원,84,한방신경정신과,0,0
풍기이정한의원,85,침구과,0,0
풍기이정한의원,86,한방재활의학과,0,0
풍기이정한의원,87,사상체질과,0,0
풍기치과의원,50,구강악안면외과,0,0
풍기치과의원,51,치과보철과,0,0
풍기치과의원,54,치주과,0,0
풍기치과의원,55,치과보존과,0,0
풍기치과의원,59,예방치과,0,0
풍기한의원,80,한방내과,0,0
풍기한의원,81,한방부인과,0,0
풍기한의원,82,한방소아과,0,0
풍기한의원,83,한방안·이비인후·피부과,0,0
풍기한의원,84,한방신경정신과,0,0
풍기한의원,85,침구과,0,0
풍기한의원,86,한방재활의학과,0,0
풍기한의원,87,사상체질과,0,0
풍성한치과의원,51,치과보철과,0,0
풍성한치과의원,55,치과보존과,0,0
하나삼성의원,1,내과,0,0
하나삼성의원,4,외과,0,0
하나삼성의원,5,정형외과,0,0
하나삼성의원,11,소아청소년과,0,0
하나삼성의원,13,이비인후과,0,0
하나삼성의원,14,피부과,0,0
하영욱정형외과의원,4,외과,0,0
하영욱정형외과의원,5,정형외과,1,0
하영욱정형외과의원,6,신경외과,0,0
하영욱정형외과의원,9,마취통증의학과,0,0
하영욱정형외과의원,21,재활의학과,0,0
한마음치과의원,50,구강악안면외과,0,0
한마음치과의원,51,치과보철과,0,0
한마음치과의원,53,소아치과,0,0
한마음치과의원,54,치주과,0,0
한마음치과의원,55,치과보존과,0,0
한마음치과의원,59,예방치과,0,0
행복한세상의원,1,내과,0,0
행복한세상의원,4,외과,0,0
행복한세상의원,5,정형외과,0,0
행복한세상의원,13,이비인후과,0,0
행복한세상의원,14,피부과,0,0
행복한세상의원,15,비뇨의학과,0,0
허남근소아과의원,11,소아청소년과,1,0
허찬욱이비인후과의원,12,안과,0,0
허찬욱이비인후과의원,13,이비인후과,1,0
허찬욱이비인후과의원,19,진단검사의학과,0,0
허찬욱이비인후과의원,23,가정의학과,0,0
현대치과의원,50,구강악안면외과,0,0
현대치과의원,51,치과보철과,0,0
현대치과의원,53,소아치과,0,0
현대치과의원,54,치주과,0,0
현대치과의원,55,치과보존과,0,0
현대치과의원,56,구강내과,0,0
현대치과의원,57,영상치의학과,0,0
현대치과의원,59,예방치과,0,0
현대한의원,80,한방내과,0,0
현대한의원,85,침구과,0,0
혜민서한의원,80,한방내과,0,0
혜민서한의원,81,한방부인과,0,0
혜민서한의원,82,한방소아과,0,0
혜민서한의원,83,한방안·이비인후·피부과,0,0
혜민서한의원,84,한방신경정신과,0,0
혜민서한의원,85,침구과,0,0
혜민서한의원,86,한방재활의학과,0,0
혜민서한의원,87,사상체질과,0,0
황치과의원,51,치과보철과,0,0
황치과의원,54,치주과,0,0
황치과의원,55,치과보존과,0,0
